"user_id","favorite_count","grade","item_count","interest","review_count","comment_count","follower_count","pay_count","parcel_post_count","transfer_count","chat_count"
2487730,1899,7673,431,31681,775,529,0,575,0,35,130
1462217,799,5520,433,16794,570,250,0,942,0,57,11
6972746,3692,7526,2530,36944,776,828,0,325,0,10,13
1358510,1228,2106,100,27142,223,431,0,232,9,1,4
1358510,1228,2106,100,27142,223,431,0,232,9,1,4
5051200,254,692,77,6462,74,0,0,196,8,40,0
969061,562,1725,452,19160,175,89,0,6,63,2,81
9698825,719,2485,830,2068,254,409,0,213,0,7,58
2723062,9558,10918,295,55628,1105,140,0,540,1113,0,1
2723062,9558,10918,295,55628,1105,140,0,540,1113,0,1
1462217,799,5520,433,16794,570,250,0,942,0,57,11
9698825,719,2485,830,2068,254,409,0,213,0,7,58
4776936,210,532,20,1053,54,47,0,115,0,0,8
9698825,719,2485,830,2068,254,409,0,213,0,7,58
4776936,210,532,20,1053,54,47,0,115,0,0,8
4776936,210,532,20,1053,54,47,0,115,0,0,8
1462217,799,5520,433,16794,570,250,0,942,0,57,11
4776936,210,532,20,1053,54,47,0,115,0,0,8
4776936,210,532,20,1053,54,47,0,115,0,0,8
6972746,3692,7526,2530,36944,776,828,0,325,0,10,13
4776936,210,532,20,1053,54,47,0,115,0,0,8
2723062,9558,10918,295,55628,1105,140,0,540,1113,0,1
4776936,210,532,20,1053,54,47,0,115,0,0,8
9698825,719,2485,830,2068,254,409,0,213,0,7,58
9698825,719,2485,830,2068,254,409,0,213,0,7,58
9698825,719,2485,830,2068,254,409,0,213,0,7,58
6948949,406,1227,309,568,125,172,0,222,0,0,5
2723062,9558,10918,295,55628,1105,140,0,540,1113,0,1
1382005,7,138,9,307,14,58,0,3,2,0,1
1382005,7,138,9,307,14,58,0,3,2,0,1
3880725,0,10,20,361,1,1,0,1,0,0,0
3959593,98,1813,29,1158,182,164,0,39,29,0,26
1462217,799,5520,433,16794,570,250,0,942,0,57,11
1382005,7,138,9,307,14,58,0,3,2,0,1
12398974,20,20,72,35,2,0,0,0,0,0,0
2347538,510,1229,435,1052,127,23,0,81,0,0,2
2347538,510,1229,435,1052,127,23,0,81,0,0,2
2347538,510,1229,435,1052,127,23,0,81,0,0,2
2347538,510,1229,435,1052,127,23,0,81,0,0,2
2347538,510,1229,435,1052,127,23,0,81,0,0,2
2347538,510,1229,435,1052,127,23,0,81,0,0,2
2347538,510,1229,435,1052,127,23,0,81,0,0,2
2347538,510,1229,435,1052,127,23,0,81,0,0,2
2347538,510,1229,435,1052,127,23,0,81,0,0,2
1462217,799,5520,433,16794,570,250,0,942,0,57,11
8105166,388,868,1787,846,88,24,0,47,229,1,0
9698825,719,2485,830,2068,254,409,0,213,0,7,58
3682152,3721,8165,4208,47893,883,1049,0,1088,231,298,41
9698825,719,2485,830,2068,254,409,0,213,0,7,58
1462217,799,5520,433,16794,570,250,0,942,0,57,11
3682152,3721,8165,4208,47893,883,1049,0,1088,231,298,41
6972746,3692,7526,2530,36944,776,828,0,325,0,10,13
10197556,5649,26531,595,11355,2661,1056,0,1526,0,11,1022
10197556,5649,26531,595,11355,2661,1056,0,1526,0,11,1022
74344938,812,70,326,986,7,5,0,9,0,0,0
74344938,812,70,326,986,7,5,0,9,0,0,0
74344938,812,70,326,986,7,5,0,9,0,0,0
6972746,3692,7526,2530,36944,776,828,0,325,0,10,13
3067996,131,5103,45,4366,513,224,0,7,0,0,202
10197556,5649,26531,595,11355,2661,1056,0,1526,0,11,1022
10197556,5649,26531,595,11355,2661,1056,0,1526,0,11,1022
6972746,3692,7526,2530,36944,776,828,0,325,0,10,13
9698825,719,2485,830,2068,254,409,0,213,0,7,58
10197556,5649,26531,595,11355,2661,1056,0,1526,0,11,1022
851056,91,60,22,457,6,0,0,0,0,0,5
10197556,5649,26531,595,11355,2661,1056,0,1526,0,11,1022
6972746,3692,7526,2530,36944,776,828,0,325,0,10,13
3682152,3721,8165,4208,47893,883,1049,0,1088,231,298,41
3682152,3721,8165,4208,47893,883,1049,0,1088,231,298,41
10197556,5649,26531,595,11355,2661,1056,0,1526,0,11,1022
3682152,3721,8165,4208,47893,883,1049,0,1088,231,298,41
9698825,719,2485,830,2068,254,409,0,213,0,7,58
74344938,812,70,326,986,7,5,0,9,0,0,0
1382005,7,138,9,307,14,58,0,3,2,0,1
74344938,812,70,326,986,7,5,0,9,0,0,0
10197556,5649,26531,595,11355,2661,1056,0,1526,0,11,1022
3682152,3721,8165,4208,47893,883,1049,0,1088,231,298,41
2593283,4226,10403,5924,84351,1055,502,0,0,0,0,294
8105166,388,868,1787,846,88,24,0,47,229,1,0
10197556,5649,26531,595,11355,2661,1056,0,1526,0,11,1022
6972746,3692,7526,2530,36944,776,828,0,325,0,10,13
3682152,3721,8165,4208,47893,883,1049,0,1088,231,298,41
3846821,2083,2166,297,29113,229,391,0,75,653,18,41
1462217,799,5520,433,16794,570,250,0,942,0,57,11
223348,691,2234,2049,9541,224,106,0,1,0,2,0
8105166,388,868,1787,846,88,24,0,47,229,1,0
9698825,719,2485,830,2068,254,409,0,213,0,7,58
77082811,0,0,2,2,0,1,0,0,0,0,0
6972746,3692,7526,2530,36944,776,828,0,325,0,10,13
3682152,3721,8165,4208,47893,883,1049,0,1088,231,298,41
76633207,369,911,337,442,92,1,0,0,0,0,0
3723020,289,2872,107,4449,290,12,0,200,285,26,94
3247363,1872,6472,6557,23278,660,267,0,0,0,0,278
6972746,3692,7526,2530,36944,776,828,0,325,0,10,13
2347538,510,1229,435,1052,127,23,0,81,0,0,2
2347538,510,1229,435,1052,127,23,0,81,0,0,2
2347538,510,1229,435,1052,127,23,0,81,0,0,2
2347538,510,1229,435,1052,127,23,0,81,0,0,2
2347538,510,1229,435,1052,127,23,0,81,0,0,2
2347538,510,1229,435,1052,127,23,0,81,0,0,2
2347538,510,1229,435,1052,127,23,0,81,0,0,2
2347538,510,1229,435,1052,127,23,0,81,0,0,2
12398974,20,20,72,35,2,0,0,0,0,0,0
1462217,799,5520,433,16794,570,250,0,942,0,57,11
2347538,510,1229,435,1052,127,23,0,81,0,0,2
8229427,47,75,62,136,8,7,0,2,12,2,0
2347538,510,1229,435,1052,127,23,0,81,0,0,2
2347538,510,1229,435,1052,127,23,0,81,0,0,2
2347538,510,1229,435,1052,127,23,0,81,0,0,2
2347538,510,1229,435,1052,127,23,0,81,0,0,2
10934396,3,20,3,11,2,1,0,0,0,0,0
2347538,510,1229,435,1052,127,23,0,81,0,0,2
2347538,510,1229,435,1052,127,23,0,81,0,0,2
6972746,3692,7526,2530,36944,776,828,0,325,0,10,13
2347538,510,1229,435,1052,127,23,0,81,0,0,2
2347538,510,1229,435,1052,127,23,0,81,0,0,2
6972746,3692,7526,2530,36944,776,828,0,325,0,10,13
2347538,510,1229,435,1052,127,23,0,81,0,0,2
2347538,510,1229,435,1052,127,23,0,81,0,0,2
75293282,9,12,91,24,2,1,0,5,5,0,2
2347538,510,1229,435,1052,127,23,0,81,0,0,2
6972746,3692,7526,2530,36944,776,828,0,325,0,10,13
6972746,3692,7526,2530,36944,776,828,0,325,0,10,13
2347538,510,1229,435,1052,127,23,0,81,0,0,2
6972746,3692,7526,2530,36944,776,828,0,325,0,10,13
4776936,210,532,20,1053,54,47,0,115,0,0,8
6972746,3692,7526,2530,36944,776,828,0,325,0,10,13
4180346,18,0,50,141,0,1,0,1,0,0,0
10197556,5649,26531,595,11355,2661,1056,0,1526,0,11,1022
10197556,5649,26531,595,11355,2661,1056,0,1526,0,11,1022
12583660,2,0,8,7,0,3,0,0,0,0,0
74344938,812,70,326,986,7,5,0,9,0,0,0
3959593,98,1813,29,1158,182,164,0,39,29,0,26
6972746,3692,7526,2530,36944,776,828,0,325,0,10,13
6972746,3692,7526,2530,36944,776,828,0,325,0,10,13
3492118,0,0,10,3,0,1,0,1,0,0,0
74344938,812,70,326,986,7,5,0,9,0,0,0
8105166,388,868,1787,846,88,24,0,47,229,1,0
10197556,5649,26531,595,11355,2661,1056,0,1526,0,11,1022
990572,56,223,405,1380,24,0,0,16,22,0,3
1462217,799,5520,433,16794,570,250,0,942,0,57,11
3682152,3721,8165,4208,47893,883,1049,0,1088,231,298,41
76202806,1,0,1,13,0,0,0,0,0,0,0
6972746,3692,7526,2530,36944,776,828,0,325,0,10,13
10197556,5649,26531,595,11355,2661,1056,0,1526,0,11,1022
3682152,3721,8165,4208,47893,883,1049,0,1088,231,298,41
6972746,3692,7526,2530,36944,776,828,0,325,0,10,13
8105166,388,868,1787,846,88,24,0,47,229,1,0
74344938,812,70,326,986,7,5,0,9,0,0,0
77035169,4,10,81,6,1,0,0,0,0,0,1
1462217,799,5520,433,16794,570,250,0,942,0,57,11
4049935,1183,1014,467,46582,105,774,0,14,175,2,0
10197556,5649,26531,595,11355,2661,1056,0,1526,0,11,1022
3682152,3721,8165,4208,47893,883,1049,0,1088,231,298,41
3682152,3721,8165,4208,47893,883,1049,0,1088,231,298,41
75023182,26,347,1066,121,35,1,0,26,62,0,0
3682152,3721,8165,4208,47893,883,1049,0,1088,231,298,41
6972746,3692,7526,2530,36944,776,828,0,325,0,10,13
75343498,149,201,253,548,23,0,0,50,0,0,0
10197556,5649,26531,595,11355,2661,1056,0,1526,0,11,1022
10197556,5649,26531,595,11355,2661,1056,0,1526,0,11,1022
75470918,592,932,5573,1629,95,4,0,55,0,0,0
10197556,5649,26531,595,11355,2661,1056,0,1526,0,11,1022
10197556,5649,26531,595,11355,2661,1056,0,1526,0,11,1022
3682152,3721,8165,4208,47893,883,1049,0,1088,231,298,41
3682152,3721,8165,4208,47893,883,1049,0,1088,231,298,41
9698825,719,2485,830,2068,254,409,0,213,0,7,58
12936131,903,523,1339,1114,54,2,0,69,255,0,0
10197556,5649,26531,595,11355,2661,1056,0,1526,0,11,1022
3682152,3721,8165,4208,47893,883,1049,0,1088,231,298,41
3682152,3721,8165,4208,47893,883,1049,0,1088,231,298,41
3682152,3721,8165,4208,47893,883,1049,0,1088,231,298,41
6972746,3692,7526,2530,36944,776,828,0,325,0,10,13
10197556,5649,26531,595,11355,2661,1056,0,1526,0,11,1022
1462217,799,5520,433,16794,570,250,0,942,0,57,11
6972746,3692,7526,2530,36944,776,828,0,325,0,10,13
10197556,5649,26531,595,11355,2661,1056,0,1526,0,11,1022
12428397,0,0,14,1,0,3,0,0,0,0,0
3682152,3721,8165,4208,47893,883,1049,0,1088,231,298,41
10197556,5649,26531,595,11355,2661,1056,0,1526,0,11,1022
2593283,4226,10403,5924,84351,1055,502,0,0,0,0,294
10197556,5649,26531,595,11355,2661,1056,0,1526,0,11,1022
10197556,5649,26531,595,11355,2661,1056,0,1526,0,11,1022
3723020,289,2872,107,4449,290,12,0,200,285,26,94
2593283,4226,10403,5924,84351,1055,502,0,0,0,0,294
223348,691,2234,2049,9541,224,106,0,1,0,2,0
8105166,388,868,1787,846,88,24,0,47,229,1,0
10197556,5649,26531,595,11355,2661,1056,0,1526,0,11,1022
75335649,448,225,581,373,23,4,0,38,0,0,0
6303957,1300,5204,5944,8063,529,224,0,0,0,0,129
2723062,9558,10918,295,55628,1105,140,0,540,1113,0,1
1358510,1228,2106,100,27142,223,431,0,232,9,1,4
3682152,3721,8165,4208,47893,883,1049,0,1088,231,298,41
10197556,5649,26531,595,11355,2661,1056,0,1526,0,11,1022
10197556,5649,26531,595,11355,2661,1056,0,1526,0,11,1022
3682152,3721,8165,4208,47893,883,1049,0,1088,231,298,41
74344938,812,70,326,986,7,5,0,9,0,0,0
9698825,719,2485,830,2068,254,409,0,213,0,7,58
76633207,369,911,337,442,92,1,0,0,0,0,0
10197556,5649,26531,595,11355,2661,1056,0,1526,0,11,1022
9975820,9,131,57,24,14,3,0,32,0,0,0
6787880,1812,7242,18124,12018,756,124,0,525,263,113,16
74344938,812,70,326,986,7,5,0,9,0,0,0
3682152,3721,8165,4208,47893,883,1049,0,1088,231,298,41
3682152,3721,8165,4208,47893,883,1049,0,1088,231,298,41
9698825,719,2485,830,2068,254,409,0,213,0,7,58
6972746,3692,7526,2530,36944,776,828,0,325,0,10,13
3682152,3721,8165,4208,47893,883,1049,0,1088,231,298,41
1462217,799,5520,433,16794,570,250,0,942,0,57,11
6972746,3692,7526,2530,36944,776,828,0,325,0,10,13
10197556,5649,26531,595,11355,2661,1056,0,1526,0,11,1022
851056,91,60,22,457,6,0,0,0,0,0,5
3682152,3721,8165,4208,47893,883,1049,0,1088,231,298,41
851056,91,60,22,457,6,0,0,0,0,0,5
76633207,369,911,337,442,92,1,0,0,0,0,0
851056,91,60,22,457,6,0,0,0,0,0,5
2593283,4226,10403,5924,84351,1055,502,0,0,0,0,294
2723062,9558,10918,295,55628,1105,140,0,540,1113,0,1
12936131,903,523,1339,1114,54,2,0,69,255,0,0
76633207,369,911,337,442,92,1,0,0,0,0,0
11212582,46,1438,2,217,144,28,0,0,0,0,151
77035169,4,10,81,6,1,0,0,0,0,0,1
3682152,3721,8165,4208,47893,883,1049,0,1088,231,298,41
3682152,3721,8165,4208,47893,883,1049,0,1088,231,298,41
6303957,1300,5204,5944,8063,529,224,0,0,0,0,129
77035169,4,10,81,6,1,0,0,0,0,0,1
10197556,5649,26531,595,11355,2661,1056,0,1526,0,11,1022
3682152,3721,8165,4208,47893,883,1049,0,1088,231,298,41
6972746,3692,7526,2530,36944,776,828,0,325,0,10,13
1358510,1228,2106,100,27142,223,431,0,232,9,1,4
851056,91,60,22,457,6,0,0,0,0,0,5
8105166,388,868,1787,846,88,24,0,47,229,1,0
77035169,4,10,81,6,1,0,0,0,0,0,1
3682152,3721,8165,4208,47893,883,1049,0,1088,231,298,41
3247363,1872,6472,6557,23278,660,267,0,0,0,0,278
3682152,3721,8165,4208,47893,883,1049,0,1088,231,298,41
77035169,4,10,81,6,1,0,0,0,0,0,1
76633207,369,911,337,442,92,1,0,0,0,0,0
76633207,369,911,337,442,92,1,0,0,0,0,0
10197556,5649,26531,595,11355,2661,1056,0,1526,0,11,1022
1462217,799,5520,433,16794,570,250,0,942,0,57,11
10197556,5649,26531,595,11355,2661,1056,0,1526,0,11,1022
8105166,388,868,1787,846,88,24,0,47,229,1,0
10197556,5649,26531,595,11355,2661,1056,0,1526,0,11,1022
12936131,903,523,1339,1114,54,2,0,69,255,0,0
3931736,2120,3252,2053,32794,351,441,0,166,0,16,3
75335649,448,225,581,373,23,4,0,38,0,0,0
3931736,2120,3252,2053,32794,351,441,0,166,0,16,3
10197556,5649,26531,595,11355,2661,1056,0,1526,0,11,1022
6972746,3692,7526,2530,36944,776,828,0,325,0,10,13
4776936,210,532,20,1053,54,47,0,115,0,0,8
2829097,339,594,17,33653,66,257,0,59,0,1,3
1895904,2,80,5,1198,8,3,0,0,3,0,0
3723020,289,2872,107,4449,290,12,0,200,285,26,94
7234565,191,1118,1286,4835,114,2,0,29,166,0,14
1462217,799,5520,433,16794,570,250,0,942,0,57,11
4776936,210,532,20,1053,54,47,0,115,0,0,8
74392660,48,1032,3,163,103,1,0,1,0,0,0
10197556,5649,26531,595,11355,2661,1056,0,1526,0,11,1022
2347538,510,1229,435,1052,127,23,0,81,0,0,2
1462217,799,5520,433,16794,570,250,0,942,0,57,11
2723062,9558,10918,295,55628,1105,140,0,540,1113,0,1
6972746,3692,7526,2530,36944,776,828,0,325,0,10,13
2347538,510,1229,435,1052,127,23,0,81,0,0,2
75335649,448,225,581,373,23,4,0,38,0,0,0
3595101,4,74,50,443,8,134,0,2,0,0,0
2593283,4226,10403,5924,84351,1055,502,0,0,0,0,294
10197556,5649,26531,595,11355,2661,1056,0,1526,0,11,1022
3682152,3721,8165,4208,47893,883,1049,0,1088,231,298,41
75335649,448,225,581,373,23,4,0,38,0,0,0
3723020,289,2872,107,4449,290,12,0,200,285,26,94
75766846,3,0,20,7,0,0,0,1,0,0,0
9512144,0,0,1,4,0,0,0,0,0,0,0
6972746,3692,7526,2530,36944,776,828,0,325,0,10,13
12140989,35,80,64,61,8,3,0,6,0,0,0
3595101,4,74,50,443,8,134,0,2,0,0,0
2723062,9558,10918,295,55628,1105,140,0,540,1113,0,1
77304563,1,0,2,6,0,3,0,0,0,0,1
2723062,9558,10918,295,55628,1105,140,0,540,1113,0,1
6972746,3692,7526,2530,36944,776,828,0,325,0,10,13
6972746,3692,7526,2530,36944,776,828,0,325,0,10,13
4018755,4671,1984,5193,64736,203,222,0,18,0,16,1
76952499,1,0,12,2,0,0,0,0,0,0,0
7234565,191,1118,1286,4835,114,2,0,29,166,0,14
10197556,5649,26531,595,11355,2661,1056,0,1526,0,11,1022
6972746,3692,7526,2530,36944,776,828,0,325,0,10,13
4421086,1690,1846,252,9871,188,276,0,151,0,9,37
10197556,5649,26531,595,11355,2661,1056,0,1526,0,11,1022
10197556,5649,26531,595,11355,2661,1056,0,1526,0,11,1022
10197556,5649,26531,595,11355,2661,1056,0,1526,0,11,1022
10197556,5649,26531,595,11355,2661,1056,0,1526,0,11,1022
10197556,5649,26531,595,11355,2661,1056,0,1526,0,11,1022
10197556,5649,26531,595,11355,2661,1056,0,1526,0,11,1022
10197556,5649,26531,595,11355,2661,1056,0,1526,0,11,1022
10197556,5649,26531,595,11355,2661,1056,0,1526,0,11,1022
10197556,5649,26531,595,11355,2661,1056,0,1526,0,11,1022
10197556,5649,26531,595,11355,2661,1056,0,1526,0,11,1022
10197556,5649,26531,595,11355,2661,1056,0,1526,0,11,1022
10197556,5649,26531,595,11355,2661,1056,0,1526,0,11,1022
6972746,3692,7526,2530,36944,776,828,0,325,0,10,13
2347538,510,1229,435,1052,127,23,0,81,0,0,2
3682152,3721,8165,4208,47893,883,1049,0,1088,231,298,41
10197556,5649,26531,595,11355,2661,1056,0,1526,0,11,1022
1393711,18853,18768,14662,1570833,1931,954,0,241,114,3,9
76633207,369,911,337,442,92,1,0,0,0,0,0
3682152,3721,8165,4208,47893,883,1049,0,1088,231,298,41
76633207,369,911,337,442,92,1,0,0,0,0,0
2589142,277,1162,295,26248,121,353,0,19,0,1,5
1358510,1228,2106,100,27142,223,431,0,232,9,1,4
653144,5635,2168,455,151045,219,255,0,21,0,1,4
1358510,1228,2106,100,27142,223,431,0,232,9,1,4
1358510,1228,2106,100,27142,223,431,0,232,9,1,4
5579889,5001,8509,133,84498,900,21345,0,430,0,131,5
1358510,1228,2106,100,27142,223,431,0,232,9,1,4
1358510,1228,2106,100,27142,223,431,0,232,9,1,4
2723062,9558,10918,295,55628,1105,140,0,540,1113,0,1
1358510,1228,2106,100,27142,223,431,0,232,9,1,4
10197556,5649,26531,595,11355,2661,1056,0,1526,0,11,1022
9698825,719,2485,830,2068,254,409,0,213,0,7,58
2347538,510,1229,435,1052,127,23,0,81,0,0,2
2347538,510,1229,435,1052,127,23,0,81,0,0,2
2868383,4126,4641,8209,43282,474,233,0,115,2192,29,0
6627565,37,4536,13,343,452,1,0,36,3,0,145
10905372,16,230,14,24,23,6,0,0,0,0,4
415386,21,234,673,2167,25,289,0,27,8,0,1
8365314,35,237,277,118,24,4,0,29,4,0,13
6972746,3692,7526,2530,36944,776,828,0,325,0,10,13
6972746,3692,7526,2530,36944,776,828,0,325,0,10,13
74392660,48,1032,3,163,103,1,0,1,0,0,0
6948949,406,1227,309,568,125,172,0,222,0,0,5
10197556,5649,26531,595,11355,2661,1056,0,1526,0,11,1022
10197556,5649,26531,595,11355,2661,1056,0,1526,0,11,1022
2723062,9558,10918,295,55628,1105,140,0,540,1113,0,1
2347538,510,1229,435,1052,127,23,0,81,0,0,2
2347538,510,1229,435,1052,127,23,0,81,0,0,2
2723062,9558,10918,295,55628,1105,140,0,540,1113,0,1
3682152,3721,8165,4208,47893,883,1049,0,1088,231,298,41
75335649,448,225,581,373,23,4,0,38,0,0,0
9698825,719,2485,830,2068,254,409,0,213,0,7,58
6972746,3692,7526,2530,36944,776,828,0,325,0,10,13
1462217,799,5520,433,16794,570,250,0,942,0,57,11
1358510,1228,2106,100,27142,223,431,0,232,9,1,4
2593283,4226,10403,5924,84351,1055,502,0,0,0,0,294
6303957,1300,5204,5944,8063,529,224,0,0,0,0,129
10197556,5649,26531,595,11355,2661,1056,0,1526,0,11,1022
2614074,539,428,1679,22801,43,204,0,25,0,0,2
12936131,903,523,1339,1114,54,2,0,69,255,0,0
2347538,510,1229,435,1052,127,23,0,81,0,0,2
2723062,9558,10918,295,55628,1105,140,0,540,1113,0,1
10197556,5649,26531,595,11355,2661,1056,0,1526,0,11,1022
3682152,3721,8165,4208,47893,883,1049,0,1088,231,298,41
10197556,5649,26531,595,11355,2661,1056,0,1526,0,11,1022
77304563,1,0,2,6,0,3,0,0,0,0,1
77304563,1,0,2,6,0,3,0,0,0,0,1
2723062,9558,10918,295,55628,1105,140,0,540,1113,0,1
1462217,799,5520,433,16794,570,250,0,942,0,57,11
2723062,9558,10918,295,55628,1105,140,0,540,1113,0,1
9464815,136,751,108,258,76,123,0,129,0,0,5
2347538,510,1229,435,1052,127,23,0,81,0,0,2
3682152,3721,8165,4208,47893,883,1049,0,1088,231,298,41
77137658,0,0,1,0,0,0,0,0,0,0,0
1462217,799,5520,433,16794,570,250,0,942,0,57,11
11181474,139,1170,244,331,118,18,0,71,0,0,1
20993,541,486,2,25581,49,201,0,6,9,1,1
3682152,3721,8165,4208,47893,883,1049,0,1088,231,298,41
3682152,3721,8165,4208,47893,883,1049,0,1088,231,298,41
6787880,1812,7242,18124,12018,756,124,0,525,263,113,16
4421086,1690,1846,252,9871,188,276,0,151,0,9,37
10197556,5649,26531,595,11355,2661,1056,0,1526,0,11,1022
10197556,5649,26531,595,11355,2661,1056,0,1526,0,11,1022
10197556,5649,26531,595,11355,2661,1056,0,1526,0,11,1022
10197556,5649,26531,595,11355,2661,1056,0,1526,0,11,1022
10197556,5649,26531,595,11355,2661,1056,0,1526,0,11,1022
10197556,5649,26531,595,11355,2661,1056,0,1526,0,11,1022
3682152,3721,8165,4208,47893,883,1049,0,1088,231,298,41
10197556,5649,26531,595,11355,2661,1056,0,1526,0,11,1022
10197556,5649,26531,595,11355,2661,1056,0,1526,0,11,1022
10197556,5649,26531,595,11355,2661,1056,0,1526,0,11,1022
10197556,5649,26531,595,11355,2661,1056,0,1526,0,11,1022
75335649,448,225,581,373,23,4,0,38,0,0,0
76812712,0,0,1,0,0,0,0,0,0,0,0
3682152,3721,8165,4208,47893,883,1049,0,1088,231,298,41
3682152,3721,8165,4208,47893,883,1049,0,1088,231,298,41
1462217,799,5520,433,16794,570,250,0,942,0,57,11
2347538,510,1229,435,1052,127,23,0,81,0,0,2
4776936,210,532,20,1053,54,47,0,115,0,0,8
6972746,3692,7526,2530,36944,776,828,0,325,0,10,13
1393711,18853,18768,14662,1570833,1931,954,0,241,114,3,9
2347538,510,1229,435,1052,127,23,0,81,0,0,2
2347538,510,1229,435,1052,127,23,0,81,0,0,2
2347538,510,1229,435,1052,127,23,0,81,0,0,2
1462217,799,5520,433,16794,570,250,0,942,0,57,11
1462217,799,5520,433,16794,570,250,0,942,0,57,11
75335649,448,225,581,373,23,4,0,38,0,0,0
1543832,1756,2424,196,115706,254,215,0,63,560,0,0
3232635,6,29,21,224,3,7,0,0,0,0,1
10197556,5649,26531,595,11355,2661,1056,0,1526,0,11,1022
6627565,37,4536,13,343,452,1,0,36,3,0,145
3723020,289,2872,107,4449,290,12,0,200,285,26,94
6303957,1300,5204,5944,8063,529,224,0,0,0,0,129
2593283,4226,10403,5924,84351,1055,502,0,0,0,0,294
2593283,4226,10403,5924,84351,1055,502,0,0,0,0,294
906947,1039,4670,487,64066,469,41,0,0,0,0,3
3682152,3721,8165,4208,47893,883,1049,0,1088,231,298,41
6972746,3692,7526,2530,36944,776,828,0,325,0,10,13
12130298,101,1173,150,246,118,15,0,97,9,0,25
1462217,799,5520,433,16794,570,250,0,942,0,57,11
6972746,3692,7526,2530,36944,776,828,0,325,0,10,13
2347538,510,1229,435,1052,127,23,0,81,0,0,2
12130298,101,1173,150,246,118,15,0,97,9,0,25
75335649,448,225,581,373,23,4,0,38,0,0,0
10197556,5649,26531,595,11355,2661,1056,0,1526,0,11,1022
1358510,1228,2106,100,27142,223,431,0,232,9,1,4
9698825,719,2485,830,2068,254,409,0,213,0,7,58
2723062,9558,10918,295,55628,1105,140,0,540,1113,0,1
2723062,9558,10918,295,55628,1105,140,0,540,1113,0,1
2723062,9558,10918,295,55628,1105,140,0,540,1113,0,1
74827656,0,20,8,2,2,0,0,3,0,0,0
2347538,510,1229,435,1052,127,23,0,81,0,0,2
2723062,9558,10918,295,55628,1105,140,0,540,1113,0,1
2723062,9558,10918,295,55628,1105,140,0,540,1113,0,1
6972746,3692,7526,2530,36944,776,828,0,325,0,10,13
12428397,0,0,14,1,0,3,0,0,0,0,0
12428397,0,0,14,1,0,3,0,0,0,0,0
2593283,4226,10403,5924,84351,1055,502,0,0,0,0,294
10197556,5649,26531,595,11355,2661,1056,0,1526,0,11,1022
6972746,3692,7526,2530,36944,776,828,0,325,0,10,13
10197556,5649,26531,595,11355,2661,1056,0,1526,0,11,1022
10197556,5649,26531,595,11355,2661,1056,0,1526,0,11,1022
10197556,5649,26531,595,11355,2661,1056,0,1526,0,11,1022
1462217,799,5520,433,16794,570,250,0,942,0,57,11
10197556,5649,26531,595,11355,2661,1056,0,1526,0,11,1022
10197556,5649,26531,595,11355,2661,1056,0,1526,0,11,1022
10197556,5649,26531,595,11355,2661,1056,0,1526,0,11,1022
10197556,5649,26531,595,11355,2661,1056,0,1526,0,11,1022
10197556,5649,26531,595,11355,2661,1056,0,1526,0,11,1022
10197556,5649,26531,595,11355,2661,1056,0,1526,0,11,1022
10197556,5649,26531,595,11355,2661,1056,0,1526,0,11,1022
10197556,5649,26531,595,11355,2661,1056,0,1526,0,11,1022
10197556,5649,26531,595,11355,2661,1056,0,1526,0,11,1022
3682152,3721,8165,4208,47893,883,1049,0,1088,231,298,41
1358510,1228,2106,100,27142,223,431,0,232,9,1,4
1462217,799,5520,433,16794,570,250,0,942,0,57,11
2723062,9558,10918,295,55628,1105,140,0,540,1113,0,1
11131983,188,2164,229,530,217,0,0,25,18,0,1
10197556,5649,26531,595,11355,2661,1056,0,1526,0,11,1022
2347538,510,1229,435,1052,127,23,0,81,0,0,2
6972746,3692,7526,2530,36944,776,828,0,325,0,10,13
1462217,799,5520,433,16794,570,250,0,942,0,57,11
2347538,510,1229,435,1052,127,23,0,81,0,0,2
2829097,339,594,17,33653,66,257,0,59,0,1,3
1462217,799,5520,433,16794,570,250,0,942,0,57,11
77056327,31,89,187,36,9,0,0,7,0,0,0
6972746,3692,7526,2530,36944,776,828,0,325,0,10,13
6972746,3692,7526,2530,36944,776,828,0,325,0,10,13
10197556,5649,26531,595,11355,2661,1056,0,1526,0,11,1022
5579889,5001,8509,133,84498,900,21345,0,430,0,131,5
1462217,799,5520,433,16794,570,250,0,942,0,57,11
2347538,510,1229,435,1052,127,23,0,81,0,0,2
2723062,9558,10918,295,55628,1105,140,0,540,1113,0,1
74392660,48,1032,3,163,103,1,0,1,0,0,0
12366284,14,62,281,38,7,3,0,3,14,0,0
75335649,448,225,581,373,23,4,0,38,0,0,0
2723062,9558,10918,295,55628,1105,140,0,540,1113,0,1
3682152,3721,8165,4208,47893,883,1049,0,1088,231,298,41
2347538,510,1229,435,1052,127,23,0,81,0,0,2
2597771,2318,9076,261,72043,913,1091,0,39,0,6,6
6972746,3692,7526,2530,36944,776,828,0,325,0,10,13
6972746,3692,7526,2530,36944,776,828,0,325,0,10,13
3723020,289,2872,107,4449,290,12,0,200,285,26,94
6972746,3692,7526,2530,36944,776,828,0,325,0,10,13
2347538,510,1229,435,1052,127,23,0,81,0,0,2
2347538,510,1229,435,1052,127,23,0,81,0,0,2
2347538,510,1229,435,1052,127,23,0,81,0,0,2
10197556,5649,26531,595,11355,2661,1056,0,1526,0,11,1022
9464815,136,751,108,258,76,123,0,129,0,0,5
75190356,0,0,5,0,0,0,0,0,0,0,0
8682402,29,344,70,1478,37,78,0,11,61,1,6
970589,455,9543,11,5478,965,92,0,0,82,0,1
3682152,3721,8165,4208,47893,883,1049,0,1088,231,298,41
10197556,5649,26531,595,11355,2661,1056,0,1526,0,11,1022
1462217,799,5520,433,16794,570,250,0,942,0,57,11
10197556,5649,26531,595,11355,2661,1056,0,1526,0,11,1022
10197556,5649,26531,595,11355,2661,1056,0,1526,0,11,1022
10197556,5649,26531,595,11355,2661,1056,0,1526,0,11,1022
10197556,5649,26531,595,11355,2661,1056,0,1526,0,11,1022
10197556,5649,26531,595,11355,2661,1056,0,1526,0,11,1022
2487730,1899,7673,431,31681,775,529,0,575,0,35,130
10197556,5649,26531,595,11355,2661,1056,0,1526,0,11,1022
10197556,5649,26531,595,11355,2661,1056,0,1526,0,11,1022
1266155,13291,20847,702,472261,2172,1908,0,438,0,19,21
1266155,13291,20847,702,472261,2172,1908,0,438,0,19,21
1266155,13291,20847,702,472261,2172,1908,0,438,0,19,21
8799581,132,3463,36,649,347,135,0,160,255,13,77
8799581,132,3463,36,649,347,135,0,160,255,13,77
1909021,342,4254,132,3404,453,103,0,897,0,121,3
1266155,13291,20847,702,472261,2172,1908,0,438,0,19,21
1266155,13291,20847,702,472261,2172,1908,0,438,0,19,21
1266155,13291,20847,702,472261,2172,1908,0,438,0,19,21
1266155,13291,20847,702,472261,2172,1908,0,438,0,19,21
1266155,13291,20847,702,472261,2172,1908,0,438,0,19,21
1266155,13291,20847,702,472261,2172,1908,0,438,0,19,21
1266155,13291,20847,702,472261,2172,1908,0,438,0,19,21
1266155,13291,20847,702,472261,2172,1908,0,438,0,19,21
3627723,180,1300,9,3202,135,131,0,252,0,39,3
1266155,13291,20847,702,472261,2172,1908,0,438,0,19,21
1266155,13291,20847,702,472261,2172,1908,0,438,0,19,21
1266155,13291,20847,702,472261,2172,1908,0,438,0,19,21
2319404,96,985,130,265,103,99,0,182,0,0,6
11484675,75,1410,2,410,141,131,0,0,0,0,3
62949,141,1205,156,6361,124,248,0,126,0,16,3
1266155,13291,20847,702,472261,2172,1908,0,438,0,19,21
62949,141,1205,156,6361,124,248,0,126,0,16,3
1266155,13291,20847,702,472261,2172,1908,0,438,0,19,21
12851816,2131,5285,247,4525,542,739,0,496,0,0,11
12851816,2131,5285,247,4525,542,739,0,496,0,0,11
12851816,2131,5285,247,4525,542,739,0,496,0,0,11
12851816,2131,5285,247,4525,542,739,0,496,0,0,11
12851816,2131,5285,247,4525,542,739,0,496,0,0,11
12851816,2131,5285,247,4525,542,739,0,496,0,0,11
12851816,2131,5285,247,4525,542,739,0,496,0,0,11
1276829,365,1394,149,30227,141,51,0,0,365,0,1
12851816,2131,5285,247,4525,542,739,0,496,0,0,11
12851816,2131,5285,247,4525,542,739,0,496,0,0,11
1266155,13291,20847,702,472261,2172,1908,0,438,0,19,21
12851816,2131,5285,247,4525,542,739,0,496,0,0,11
12851816,2131,5285,247,4525,542,739,0,496,0,0,11
12851816,2131,5285,247,4525,542,739,0,496,0,0,11
266981,1019,3056,60,51685,309,798,0,0,0,0,62
12851816,2131,5285,247,4525,542,739,0,496,0,0,11
1266155,13291,20847,702,472261,2172,1908,0,438,0,19,21
1266155,13291,20847,702,472261,2172,1908,0,438,0,19,21
3947717,7272,18135,906,40305,1930,408,0,83,8,0,14
12851816,2131,5285,247,4525,542,739,0,496,0,0,11
12851816,2131,5285,247,4525,542,739,0,496,0,0,11
74689400,29,511,9,320,52,2,0,0,0,0,5
12851816,2131,5285,247,4525,542,739,0,496,0,0,11
12851816,2131,5285,247,4525,542,739,0,496,0,0,11
178506,143,737,34,721,85,33,0,69,0,0,2
178506,143,737,34,721,85,33,0,69,0,0,2
178506,143,737,34,721,85,33,0,69,0,0,2
12956909,25,0,12,15,0,22,0,1,1,0,0
178506,143,737,34,721,85,33,0,69,0,0,2
75144722,2,0,1,1,0,0,0,0,0,0,0
12851816,2131,5285,247,4525,542,739,0,496,0,0,11
178506,143,737,34,721,85,33,0,69,0,0,2
178506,143,737,34,721,85,33,0,69,0,0,2
266981,1019,3056,60,51685,309,798,0,0,0,0,62
12851816,2131,5285,247,4525,542,739,0,496,0,0,11
6275689,141,531,362,1445,53,84,0,52,28,9,3
266981,1019,3056,60,51685,309,798,0,0,0,0,62
12851816,2131,5285,247,4525,542,739,0,496,0,0,11
12851816,2131,5285,247,4525,542,739,0,496,0,0,11
12851816,2131,5285,247,4525,542,739,0,496,0,0,11
9592612,170,416,430,197,42,30,0,34,0,0,11
9592612,170,416,430,197,42,30,0,34,0,0,11
1909021,342,4254,132,3404,453,103,0,897,0,121,3
199601,259,4435,2,24947,462,472,0,0,0,0,0
12851816,2131,5285,247,4525,542,739,0,496,0,0,11
9592612,170,416,430,197,42,30,0,34,0,0,11
2319404,96,985,130,265,103,99,0,182,0,0,6
3947717,7272,18135,906,40305,1930,408,0,83,8,0,14
12851816,2131,5285,247,4525,542,739,0,496,0,0,11
76568156,1,40,17,5,4,0,0,6,0,0,0
5730119,3,10,13,8,1,19,0,3,0,0,0
76402316,44,30,227,68,3,2,0,4,23,0,0
429796,129,1548,11,10476,155,537,0,0,0,0,0
12851816,2131,5285,247,4525,542,739,0,496,0,0,11
9592612,170,416,430,197,42,30,0,34,0,0,11
234717,181,548,377,9075,55,143,0,17,1,12,0
11264364,25,0,50,87,0,0,0,0,0,0,0
12851816,2131,5285,247,4525,542,739,0,496,0,0,11
12851816,2131,5285,247,4525,542,739,0,496,0,0,11
2319404,96,985,130,265,103,99,0,182,0,0,6
2575110,4776,11082,6049,97659,1134,528,0,0,0,0,258
12211204,1320,1600,160,1728,161,0,0,0,0,0,2
12851816,2131,5285,247,4525,542,739,0,496,0,0,11
1909021,342,4254,132,3404,453,103,0,897,0,121,3
77283484,1,0,6,1,0,0,0,1,0,0,0
77283484,1,0,6,1,0,0,0,1,0,0,0
12851816,2131,5285,247,4525,542,739,0,496,0,0,11
75942806,34,0,3934,84,0,0,0,0,0,0,0
11415716,1,0,47,8,0,9,0,0,1,0,0
9592612,170,416,430,197,42,30,0,34,0,0,11
76402316,44,30,227,68,3,2,0,4,23,0,0
77283484,1,0,6,1,0,0,0,1,0,0,0
2319404,96,985,130,265,103,99,0,182,0,0,6
3034289,1645,4756,3519,77437,483,510,0,27,0,1,4
9592612,170,416,430,197,42,30,0,34,0,0,11
1909021,342,4254,132,3404,453,103,0,897,0,121,3
11370134,48,254,840,114,26,29,0,38,0,0,0
12851816,2131,5285,247,4525,542,739,0,496,0,0,11
12020371,1,0,2,10,0,10,0,0,0,0,0
12851816,2131,5285,247,4525,542,739,0,496,0,0,11
12851816,2131,5285,247,4525,542,739,0,496,0,0,11
12211204,1320,1600,160,1728,161,0,0,0,0,0,2
178506,143,737,34,721,85,33,0,69,0,0,2
6786698,452,1088,1975,1258,116,54,0,155,0,12,0
2319404,96,985,130,265,103,99,0,182,0,0,6
178506,143,737,34,721,85,33,0,69,0,0,2
12851816,2131,5285,247,4525,542,739,0,496,0,0,11
178506,143,737,34,721,85,33,0,69,0,0,2
12851816,2131,5285,247,4525,542,739,0,496,0,0,11
12851816,2131,5285,247,4525,542,739,0,496,0,0,11
10912035,6,70,28,20,7,0,0,2,5,0,4
178506,143,737,34,721,85,33,0,69,0,0,2
178506,143,737,34,721,85,33,0,69,0,0,2
8094755,66,465,474,1757,46,75,0,38,0,4,8
5772132,259,1248,10,4196,125,122,0,0,0,0,62
12851816,2131,5285,247,4525,542,739,0,496,0,0,11
178506,143,737,34,721,85,33,0,69,0,0,2
11264364,25,0,50,87,0,0,0,0,0,0,0
2319404,96,985,130,265,103,99,0,182,0,0,6
12851816,2131,5285,247,4525,542,739,0,496,0,0,11
12851816,2131,5285,247,4525,542,739,0,496,0,0,11
953101,212,225,606,1192,23,42,0,6,0,1,0
12851816,2131,5285,247,4525,542,739,0,496,0,0,11
1266155,13291,20847,702,472261,2172,1908,0,438,0,19,21
12851816,2131,5285,247,4525,542,739,0,496,0,0,11
2575110,4776,11082,6049,97659,1134,528,0,0,0,0,258
1909021,342,4254,132,3404,453,103,0,897,0,121,3
1266155,13291,20847,702,472261,2172,1908,0,438,0,19,21
12851816,2131,5285,247,4525,542,739,0,496,0,0,11
12851816,2131,5285,247,4525,542,739,0,496,0,0,11
3947717,7272,18135,906,40305,1930,408,0,83,8,0,14
1266155,13291,20847,702,472261,2172,1908,0,438,0,19,21
12851816,2131,5285,247,4525,542,739,0,496,0,0,11
12851816,2131,5285,247,4525,542,739,0,496,0,0,11
12851816,2131,5285,247,4525,542,739,0,496,0,0,11
5884316,49,194,69,300,19,6,0,21,0,0,0
4788722,181,1334,73,3554,135,138,0,59,0,11,1
4788722,181,1334,73,3554,135,138,0,59,0,11,1
1753950,332,767,46,942,80,195,0,158,0,1,4
4380220,1027,471,1934,8297,48,214,0,27,13,14,4
10557962,9,59,24,24,6,11,0,5,0,0,2
9556335,7,10,13,23,1,29,0,11,0,0,0
10557962,9,59,24,24,6,11,0,5,0,0,2
3636411,131,350,536,8419,37,216,0,0,0,0,6
10557962,9,59,24,24,6,11,0,5,0,0,2
3648046,603,1817,594,10946,184,288,0,188,0,35,4
75234726,0,0,1,0,0,0,0,0,0,0,0
3876881,113,192,477,212,20,31,0,11,10,0,1
87148,2183,12120,7036,115655,1235,211,0,351,386,32,1
114088,424,1058,285,27485,106,2,0,96,0,4,2
10557962,9,59,24,24,6,11,0,5,0,0,2
87148,2183,12120,7036,115655,1235,211,0,351,386,32,1
4678355,60,0,52,358,0,33,0,0,0,0,0
87148,2183,12120,7036,115655,1235,211,0,351,386,32,1
5298530,2505,2108,977,25766,211,371,0,352,16,31,24
12927760,102,69,43,337,7,22,0,1,0,0,5
664477,171,823,143,41492,88,315,0,7,46,1,4
4183835,949,637,728,2087,65,3,0,60,0,1,0
75523838,48,439,166,84,44,0,0,23,0,0,15
11205936,144,0,737,423,0,13,0,0,0,0,0
10557962,9,59,24,24,6,11,0,5,0,0,2
87148,2183,12120,7036,115655,1235,211,0,351,386,32,1
5637683,974,2209,873,18771,222,626,0,97,0,1,3
87148,2183,12120,7036,115655,1235,211,0,351,386,32,1
4183835,949,637,728,2087,65,3,0,60,0,1,0
3370962,0,0,7,15,0,1,0,1,0,0,0
4183835,949,637,728,2087,65,3,0,60,0,1,0
87148,2183,12120,7036,115655,1235,211,0,351,386,32,1
87148,2183,12120,7036,115655,1235,211,0,351,386,32,1
9264138,0,20,13,20,2,9,0,0,3,0,1
87148,2183,12120,7036,115655,1235,211,0,351,386,32,1
77236521,6,60,13,15,6,0,0,1,0,0,3
971902,1468,3120,2666,25553,314,193,0,134,1,1,1
4658372,249,215,39,907,24,209,0,34,23,5,1
87148,2183,12120,7036,115655,1235,211,0,351,386,32,1
5637683,974,2209,873,18771,222,626,0,97,0,1,3
6914281,6,0,4,236,0,1018,0,0,0,0,0
201368,8299,5910,504,151963,598,1,0,0,0,0,70
201368,8299,5910,504,151963,598,1,0,0,0,0,70
664477,171,823,143,41492,88,315,0,7,46,1,4
5884316,49,194,69,300,19,6,0,21,0,0,0
87148,2183,12120,7036,115655,1235,211,0,351,386,32,1
10895632,140,3291,143,468,335,83,0,759,0,0,0
87148,2183,12120,7036,115655,1235,211,0,351,386,32,1
75994196,7,122,21,28,12,0,0,46,1,0,0
11884969,413,1935,2933,938,204,7,0,167,699,0,0
3592043,99,807,357,4069,84,306,0,0,65,1,4
114088,424,1058,285,27485,106,2,0,96,0,4,2
13170,571,439,79,125511,47,172,0,15,2,0,0
10557962,9,59,24,24,6,11,0,5,0,0,2
87148,2183,12120,7036,115655,1235,211,0,351,386,32,1
87148,2183,12120,7036,115655,1235,211,0,351,386,32,1
9596548,906,907,2579,2341,96,102,0,53,0,10,2
87148,2183,12120,7036,115655,1235,211,0,351,386,32,1
12488762,0,120,44,20,12,0,0,2,21,0,1
87148,2183,12120,7036,115655,1235,211,0,351,386,32,1
114088,424,1058,285,27485,106,2,0,96,0,4,2
76254793,27,787,23,63,79,1,0,64,11,0,1
855834,2,29,7,398,3,3,0,3,0,0,0
5637683,974,2209,873,18771,222,626,0,97,0,1,3
87148,2183,12120,7036,115655,1235,211,0,351,386,32,1
75523838,48,439,166,84,44,0,0,23,0,0,15
87148,2183,12120,7036,115655,1235,211,0,351,386,32,1
74544224,108,70,38,302,7,1,0,0,0,0,7
9793242,4,0,20,4,0,0,0,1,0,0,0
3681979,231,5883,60,16626,590,2977,0,0,4,0,3
87148,2183,12120,7036,115655,1235,211,0,351,386,32,1
87148,2183,12120,7036,115655,1235,211,0,351,386,32,1
6965817,1392,6762,1975,15427,686,339,0,383,759,84,201
4183835,949,637,728,2087,65,3,0,60,0,1,0
77235670,0,0,2,2,0,0,0,0,0,0,0
4183835,949,637,728,2087,65,3,0,60,0,1,0
74544224,108,70,38,302,7,1,0,0,0,0,7
87148,2183,12120,7036,115655,1235,211,0,351,386,32,1
87148,2183,12120,7036,115655,1235,211,0,351,386,32,1
87148,2183,12120,7036,115655,1235,211,0,351,386,32,1
3877897,37,250,165,2083,26,169,0,1,0,0,0
5374651,0,0,10,104,0,3,0,0,0,0,0
4183835,949,637,728,2087,65,3,0,60,0,1,0
75523838,48,439,166,84,44,0,0,23,0,0,15
3853324,27,0,620,662,0,157,0,0,0,0,0
76856455,0,0,2,3,0,0,0,0,0,0,0
5637683,974,2209,873,18771,222,626,0,97,0,1,3
11205936,144,0,737,423,0,13,0,0,0,0,0
87148,2183,12120,7036,115655,1235,211,0,351,386,32,1
12927760,102,69,43,337,7,22,0,1,0,0,5
12927760,102,69,43,337,7,22,0,1,0,0,5
12927760,102,69,43,337,7,22,0,1,0,0,5
76680415,0,0,1,0,0,0,0,0,0,0,0
5637683,974,2209,873,18771,222,626,0,97,0,1,3
87148,2183,12120,7036,115655,1235,211,0,351,386,32,1
3648046,603,1817,594,10946,184,288,0,188,0,35,4
4183835,949,637,728,2087,65,3,0,60,0,1,0
201368,8299,5910,504,151963,598,1,0,0,0,0,70
3340206,60,80,102,2161,8,161,0,4,2,1,2
76856455,0,0,2,3,0,0,0,0,0,0,0
87148,2183,12120,7036,115655,1235,211,0,351,386,32,1
201368,8299,5910,504,151963,598,1,0,0,0,0,70
4879259,521,345,564,6865,38,199,0,77,0,0,16
87148,2183,12120,7036,115655,1235,211,0,351,386,32,1
201368,8299,5910,504,151963,598,1,0,0,0,0,70
87148,2183,12120,7036,115655,1235,211,0,351,386,32,1
4183835,949,637,728,2087,65,3,0,60,0,1,0
3853324,27,0,620,662,0,157,0,0,0,0,0
87148,2183,12120,7036,115655,1235,211,0,351,386,32,1
9930591,7,0,34,30,0,1,0,0,4,0,0
9930591,7,0,34,30,0,1,0,0,4,0,0
87148,2183,12120,7036,115655,1235,211,0,351,386,32,1
6965817,1392,6762,1975,15427,686,339,0,383,759,84,201
10557962,9,59,24,24,6,11,0,5,0,0,2
87148,2183,12120,7036,115655,1235,211,0,351,386,32,1
76254793,27,787,23,63,79,1,0,64,11,0,1
12738361,2,0,37,3,0,0,0,0,0,0,0
5637683,974,2209,873,18771,222,626,0,97,0,1,3
4183835,949,637,728,2087,65,3,0,60,0,1,0
76673845,3,40,10,5,4,0,0,8,0,0,0
10895632,140,3291,143,468,335,83,0,759,0,0,0
75585332,4,50,128,35,5,0,0,3,4,0,0
8602749,357,546,403,1507,58,124,0,130,0,2,11
77265907,0,0,10,0,0,0,0,1,0,0,0
5626260,2,0,4,16,0,0,0,0,0,0,0
4183835,949,637,728,2087,65,3,0,60,0,1,0
77195302,0,0,2,0,0,0,0,0,0,0,0
4183835,949,637,728,2087,65,3,0,60,0,1,0
87148,2183,12120,7036,115655,1235,211,0,351,386,32,1
201368,8299,5910,504,151963,598,1,0,0,0,0,70
75174175,0,10,6,3,1,0,0,0,0,0,0
76254793,27,787,23,63,79,1,0,64,11,0,1
87148,2183,12120,7036,115655,1235,211,0,351,386,32,1
4162404,152,1154,196,474,116,478,0,173,0,0,9
6965817,1392,6762,1975,15427,686,339,0,383,759,84,201
6965817,1392,6762,1975,15427,686,339,0,383,759,84,201
12927760,102,69,43,337,7,22,0,1,0,0,5
4183835,949,637,728,2087,65,3,0,60,0,1,0
1909021,342,4254,132,3404,453,103,0,897,0,121,3
4616880,1455,1545,746,14319,155,254,0,47,5,9,13
2319404,96,985,130,265,103,99,0,182,0,0,6
12851816,2131,5285,247,4525,542,739,0,496,0,0,11
3947717,7272,18135,906,40305,1930,408,0,83,8,0,14
75195397,14,114,70,43,11,0,0,18,0,0,2
12851816,2131,5285,247,4525,542,739,0,496,0,0,11
315781,169,1572,709,1605,160,451,0,57,183,3,16
12851816,2131,5285,247,4525,542,739,0,496,0,0,11
315781,169,1572,709,1605,160,451,0,57,183,3,16
77283484,1,0,6,1,0,0,0,1,0,0,0
12851816,2131,5285,247,4525,542,739,0,496,0,0,11
12851816,2131,5285,247,4525,542,739,0,496,0,0,11
12851816,2131,5285,247,4525,542,739,0,496,0,0,11
9592612,170,416,430,197,42,30,0,34,0,0,11
9592612,170,416,430,197,42,30,0,34,0,0,11
11370134,48,254,840,114,26,29,0,38,0,0,0
12851816,2131,5285,247,4525,542,739,0,496,0,0,11
12211204,1320,1600,160,1728,161,0,0,0,0,0,2
76888807,0,30,34,6,3,0,0,3,3,0,0
12851816,2131,5285,247,4525,542,739,0,496,0,0,11
12851816,2131,5285,247,4525,542,739,0,496,0,0,11
12211204,1320,1600,160,1728,161,0,0,0,0,0,2
1909021,342,4254,132,3404,453,103,0,897,0,121,3
12851816,2131,5285,247,4525,542,739,0,496,0,0,11
9592612,170,416,430,197,42,30,0,34,0,0,11
12851816,2131,5285,247,4525,542,739,0,496,0,0,11
9592612,170,416,430,197,42,30,0,34,0,0,11
76888807,0,30,34,6,3,0,0,3,3,0,0
12851816,2131,5285,247,4525,542,739,0,496,0,0,11
1266155,13291,20847,702,472261,2172,1908,0,438,0,19,21
75942806,34,0,3934,84,0,0,0,0,0,0,0
12851816,2131,5285,247,4525,542,739,0,496,0,0,11
9592612,170,416,430,197,42,30,0,34,0,0,11
75942806,34,0,3934,84,0,0,0,0,0,0,0
12851816,2131,5285,247,4525,542,739,0,496,0,0,11
315781,169,1572,709,1605,160,451,0,57,183,3,16
9592612,170,416,430,197,42,30,0,34,0,0,11
12851816,2131,5285,247,4525,542,739,0,496,0,0,11
77037452,20,216,7,37,22,1,0,0,0,0,0
76402316,44,30,227,68,3,2,0,4,23,0,0
1909021,342,4254,132,3404,453,103,0,897,0,121,3
75942806,34,0,3934,84,0,0,0,0,0,0,0
11370134,48,254,840,114,26,29,0,38,0,0,0
110947,3801,4337,4230,578594,439,252,0,31,399,1,0
12851816,2131,5285,247,4525,542,739,0,496,0,0,11
12851816,2131,5285,247,4525,542,739,0,496,0,0,11
5116769,75,40,1,1497,4,185,0,0,0,0,0
3947717,7272,18135,906,40305,1930,408,0,83,8,0,14
9592612,170,416,430,197,42,30,0,34,0,0,11
12851816,2131,5285,247,4525,542,739,0,496,0,0,11
315781,169,1572,709,1605,160,451,0,57,183,3,16
75312900,0,90,130,14,9,0,0,5,14,0,0
77097743,0,0,28,2,0,0,0,1,0,0,0
1909021,342,4254,132,3404,453,103,0,897,0,121,3
76768559,8,337,125,45,35,2,0,43,0,0,0
12851816,2131,5285,247,4525,542,739,0,496,0,0,11
12211204,1320,1600,160,1728,161,0,0,0,0,0,2
12851816,2131,5285,247,4525,542,739,0,496,0,0,11
75942806,34,0,3934,84,0,0,0,0,0,0,0
12851816,2131,5285,247,4525,542,739,0,496,0,0,11
12851816,2131,5285,247,4525,542,739,0,496,0,0,11
75942806,34,0,3934,84,0,0,0,0,0,0,0
12851816,2131,5285,247,4525,542,739,0,496,0,0,11
1266155,13291,20847,702,472261,2172,1908,0,438,0,19,21
75942806,34,0,3934,84,0,0,0,0,0,0,0
75942806,34,0,3934,84,0,0,0,0,0,0,0
3947717,7272,18135,906,40305,1930,408,0,83,8,0,14
12851816,2131,5285,247,4525,542,739,0,496,0,0,11
1266155,13291,20847,702,472261,2172,1908,0,438,0,19,21
3947717,7272,18135,906,40305,1930,408,0,83,8,0,14
9592612,170,416,430,197,42,30,0,34,0,0,11
12851816,2131,5285,247,4525,542,739,0,496,0,0,11
12851816,2131,5285,247,4525,542,739,0,496,0,0,11
8643779,76,576,438,280,58,109,0,34,387,1,1
9592612,170,416,430,197,42,30,0,34,0,0,11
6275689,141,531,362,1445,53,84,0,52,28,9,3
12851816,2131,5285,247,4525,542,739,0,496,0,0,11
11370134,48,254,840,114,26,29,0,38,0,0,0
3947717,7272,18135,906,40305,1930,408,0,83,8,0,14
75312900,0,90,130,14,9,0,0,5,14,0,0
7763669,2,70,14,171,7,71,0,7,0,3,0
75195397,14,114,70,43,11,0,0,18,0,0,2
12851816,2131,5285,247,4525,542,739,0,496,0,0,11
9592612,170,416,430,197,42,30,0,34,0,0,11
9592612,170,416,430,197,42,30,0,34,0,0,11
12851816,2131,5285,247,4525,542,739,0,496,0,0,11
12851816,2131,5285,247,4525,542,739,0,496,0,0,11
11370134,48,254,840,114,26,29,0,38,0,0,0
12851816,2131,5285,247,4525,542,739,0,496,0,0,11
12851816,2131,5285,247,4525,542,739,0,496,0,0,11
12211204,1320,1600,160,1728,161,0,0,0,0,0,2
1266155,13291,20847,702,472261,2172,1908,0,438,0,19,21
1266155,13291,20847,702,472261,2172,1908,0,438,0,19,21
76768559,8,337,125,45,35,2,0,43,0,0,0
12851816,2131,5285,247,4525,542,739,0,496,0,0,11
12197696,0,50,108,37,5,4,0,2,0,0,0
12851816,2131,5285,247,4525,542,739,0,496,0,0,11
12851816,2131,5285,247,4525,542,739,0,496,0,0,11
77049787,0,0,1,0,0,0,0,0,0,0,0
12851816,2131,5285,247,4525,542,739,0,496,0,0,11
75942806,34,0,3934,84,0,0,0,0,0,0,0
12851816,2131,5285,247,4525,542,739,0,496,0,0,11
1266155,13291,20847,702,472261,2172,1908,0,438,0,19,21
234717,181,548,377,9075,55,143,0,17,1,12,0
3947717,7272,18135,906,40305,1930,408,0,83,8,0,14
75876234,0,0,10,3,0,0,0,0,0,0,0
12851816,2131,5285,247,4525,542,739,0,496,0,0,11
12428384,128,256,274,203,26,0,0,37,0,0,0
75337448,2,0,6,8,0,1,0,1,0,0,0
315781,169,1572,709,1605,160,451,0,57,183,3,16
76768559,8,337,125,45,35,2,0,43,0,0,0
3947717,7272,18135,906,40305,1930,408,0,83,8,0,14
3947717,7272,18135,906,40305,1930,408,0,83,8,0,14
75337448,2,0,6,8,0,1,0,1,0,0,0
2790587,322,963,860,18280,98,224,0,70,0,5,2
12851816,2131,5285,247,4525,542,739,0,496,0,0,11
74913294,14,205,38,25,21,4,0,61,0,0,0
12851816,2131,5285,247,4525,542,739,0,496,0,0,11
12851816,2131,5285,247,4525,542,739,0,496,0,0,11
1909021,342,4254,132,3404,453,103,0,897,0,121,3
703647,3,10,3,9321,1,9,0,0,0,0,0
5731733,68,149,31,995,15,168,0,33,0,0,0
3947717,7272,18135,906,40305,1930,408,0,83,8,0,14
3947717,7272,18135,906,40305,1930,408,0,83,8,0,14
3947717,7272,18135,906,40305,1930,408,0,83,8,0,14
3947717,7272,18135,906,40305,1930,408,0,83,8,0,14
3947717,7272,18135,906,40305,1930,408,0,83,8,0,14
3947717,7272,18135,906,40305,1930,408,0,83,8,0,14
9592612,170,416,430,197,42,30,0,34,0,0,11
12851816,2131,5285,247,4525,542,739,0,496,0,0,11
2575110,4776,11082,6049,97659,1134,528,0,0,0,0,258
2575110,4776,11082,6049,97659,1134,528,0,0,0,0,258
12851816,2131,5285,247,4525,542,739,0,496,0,0,11
12851816,2131,5285,247,4525,542,739,0,496,0,0,11
12851816,2131,5285,247,4525,542,739,0,496,0,0,11
12851816,2131,5285,247,4525,542,739,0,496,0,0,11
3947717,7272,18135,906,40305,1930,408,0,83,8,0,14
3947717,7272,18135,906,40305,1930,408,0,83,8,0,14
3947717,7272,18135,906,40305,1930,408,0,83,8,0,14
3947717,7272,18135,906,40305,1930,408,0,83,8,0,14
3947717,7272,18135,906,40305,1930,408,0,83,8,0,14
3947717,7272,18135,906,40305,1930,408,0,83,8,0,14
3947717,7272,18135,906,40305,1930,408,0,83,8,0,14
3947717,7272,18135,906,40305,1930,408,0,83,8,0,14
3947717,7272,18135,906,40305,1930,408,0,83,8,0,14
3947717,7272,18135,906,40305,1930,408,0,83,8,0,14
3947717,7272,18135,906,40305,1930,408,0,83,8,0,14
3947717,7272,18135,906,40305,1930,408,0,83,8,0,14
3609056,7,179,36,564,20,2,0,13,0,5,1
3947717,7272,18135,906,40305,1930,408,0,83,8,0,14
1494515,7044,23571,1319,170878,2395,829,0,1361,0,44,1465
4158449,806,12882,544,22795,1369,207,0,135,0,72,14
12670227,26,277,117,178,28,0,0,7,20,0,0
76924078,49,149,78,70,15,0,0,4,4,0,1
12851816,2131,5285,247,4525,542,739,0,496,0,0,11
1266155,13291,20847,702,472261,2172,1908,0,438,0,19,21
12851816,2131,5285,247,4525,542,739,0,496,0,0,11
3947717,7272,18135,906,40305,1930,408,0,83,8,0,14
3947717,7272,18135,906,40305,1930,408,0,83,8,0,14
4158449,806,12882,544,22795,1369,207,0,135,0,72,14
8431472,422,575,392,808,58,0,0,26,62,0,0
11370134,48,254,840,114,26,29,0,38,0,0,0
315781,169,1572,709,1605,160,451,0,57,183,3,16
12851816,2131,5285,247,4525,542,739,0,496,0,0,11
12851816,2131,5285,247,4525,542,739,0,496,0,0,11
1266155,13291,20847,702,472261,2172,1908,0,438,0,19,21
1266155,13291,20847,702,472261,2172,1908,0,438,0,19,21
1266155,13291,20847,702,472261,2172,1908,0,438,0,19,21
1266155,13291,20847,702,472261,2172,1908,0,438,0,19,21
1266155,13291,20847,702,472261,2172,1908,0,438,0,19,21
2494486,121,30,497,5965,3,182,0,3,0,0,1
1266155,13291,20847,702,472261,2172,1908,0,438,0,19,21
2494486,121,30,497,5965,3,182,0,3,0,0,1
1266155,13291,20847,702,472261,2172,1908,0,438,0,19,21
1266155,13291,20847,702,472261,2172,1908,0,438,0,19,21
1266155,13291,20847,702,472261,2172,1908,0,438,0,19,21
1266155,13291,20847,702,472261,2172,1908,0,438,0,19,21
3634682,376,2952,1337,7484,304,442,0,305,0,35,0
3627723,180,1300,9,3202,135,131,0,252,0,39,3
1266155,13291,20847,702,472261,2172,1908,0,438,0,19,21
1266155,13291,20847,702,472261,2172,1908,0,438,0,19,21
2570676,977,1658,154,15828,168,441,0,241,6,12,2
1266155,13291,20847,702,472261,2172,1908,0,438,0,19,21
2570676,977,1658,154,15828,168,441,0,241,6,12,2
6549054,1392,1786,119,12842,182,900,0,67,8,13,3
1266155,13291,20847,702,472261,2172,1908,0,438,0,19,21
1266155,13291,20847,702,472261,2172,1908,0,438,0,19,21
1266155,13291,20847,702,472261,2172,1908,0,438,0,19,21
1266155,13291,20847,702,472261,2172,1908,0,438,0,19,21
1266155,13291,20847,702,472261,2172,1908,0,438,0,19,21
3877457,3974,12307,27,31015,1264,591,0,0,0,0,2
1266155,13291,20847,702,472261,2172,1908,0,438,0,19,21
1266155,13291,20847,702,472261,2172,1908,0,438,0,19,21
75160956,11,275,166,39,28,0,0,44,1,0,1
11648768,30,94,143,107,9,0,0,4,18,0,0
3947717,7272,18135,906,40305,1930,408,0,83,8,0,14
3947717,7272,18135,906,40305,1930,408,0,83,8,0,14
3947717,7272,18135,906,40305,1930,408,0,83,8,0,14
12851816,2131,5285,247,4525,542,739,0,496,0,0,11
1909021,342,4254,132,3404,453,103,0,897,0,121,3
3947717,7272,18135,906,40305,1930,408,0,83,8,0,14
12851816,2131,5285,247,4525,542,739,0,496,0,0,11
766909,2,40,37,241,4,7,0,1,3,0,0
3034289,1645,4756,3519,77437,483,510,0,27,0,1,4
12851816,2131,5285,247,4525,542,739,0,496,0,0,11
12851816,2131,5285,247,4525,542,739,0,496,0,0,11
3627723,180,1300,9,3202,135,131,0,252,0,39,3
77037452,20,216,7,37,22,1,0,0,0,0,0
1266155,13291,20847,702,472261,2172,1908,0,438,0,19,21
3947717,7272,18135,906,40305,1930,408,0,83,8,0,14
3947717,7272,18135,906,40305,1930,408,0,83,8,0,14
3034289,1645,4756,3519,77437,483,510,0,27,0,1,4
12851816,2131,5285,247,4525,542,739,0,496,0,0,11
2790587,322,963,860,18280,98,224,0,70,0,5,2
12851816,2131,5285,247,4525,542,739,0,496,0,0,11
12851816,2131,5285,247,4525,542,739,0,496,0,0,11
12851816,2131,5285,247,4525,542,739,0,496,0,0,11
3947717,7272,18135,906,40305,1930,408,0,83,8,0,14
3947717,7272,18135,906,40305,1930,408,0,83,8,0,14
12851816,2131,5285,247,4525,542,739,0,496,0,0,11
12851816,2131,5285,247,4525,542,739,0,496,0,0,11
12851816,2131,5285,247,4525,542,739,0,496,0,0,11
4975955,96,2897,161,5603,293,195,0,239,0,10,0
62949,141,1205,156,6361,124,248,0,126,0,16,3
3627723,180,1300,9,3202,135,131,0,252,0,39,3
2790587,322,963,860,18280,98,224,0,70,0,5,2
3947717,7272,18135,906,40305,1930,408,0,83,8,0,14
3947717,7272,18135,906,40305,1930,408,0,83,8,0,14
3947717,7272,18135,906,40305,1930,408,0,83,8,0,14
3947717,7272,18135,906,40305,1930,408,0,83,8,0,14
3627723,180,1300,9,3202,135,131,0,252,0,39,3
3947717,7272,18135,906,40305,1930,408,0,83,8,0,14
4158449,806,12882,544,22795,1369,207,0,135,0,72,14
75160956,11,275,166,39,28,0,0,44,1,0,1
1030726,331,5182,265,16651,529,276,0,65,0,44,0
12851816,2131,5285,247,4525,542,739,0,496,0,0,11
76845093,3,20,7,9,2,0,0,1,0,0,0
4158449,806,12882,544,22795,1369,207,0,135,0,72,14
76768559,8,337,125,45,35,2,0,43,0,0,0
3947717,7272,18135,906,40305,1930,408,0,83,8,0,14
3947717,7272,18135,906,40305,1930,408,0,83,8,0,14
3947717,7272,18135,906,40305,1930,408,0,83,8,0,14
75495875,220,409,810,258,41,0,0,26,4,0,0
3394365,359,910,92,13967,95,249,0,30,0,8,0
12851816,2131,5285,247,4525,542,739,0,496,0,0,11
3947717,7272,18135,906,40305,1930,408,0,83,8,0,14
3947717,7272,18135,906,40305,1930,408,0,83,8,0,14
76505318,3,443,1,13,43,0,0,59,0,0,12
76768559,8,337,125,45,35,2,0,43,0,0,0
315781,169,1572,709,1605,160,451,0,57,183,3,16
75160956,11,275,166,39,28,0,0,44,1,0,1
6275689,141,531,362,1445,53,84,0,52,28,9,3
3627723,180,1300,9,3202,135,131,0,252,0,39,3
12851816,2131,5285,247,4525,542,739,0,496,0,0,11
12851816,2131,5285,247,4525,542,739,0,496,0,0,11
9592612,170,416,430,197,42,30,0,34,0,0,11
76768559,8,337,125,45,35,2,0,43,0,0,0
12851816,2131,5285,247,4525,542,739,0,496,0,0,11
1337669,33,492,194,2550,50,25,0,174,78,3,6
3947717,7272,18135,906,40305,1930,408,0,83,8,0,14
2947465,0,10,1,1867,1,0,0,1,0,0,0
3947717,7272,18135,906,40305,1930,408,0,83,8,0,14
3947717,7272,18135,906,40305,1930,408,0,83,8,0,14
2575110,4776,11082,6049,97659,1134,528,0,0,0,0,258
12851816,2131,5285,247,4525,542,739,0,496,0,0,11
12851816,2131,5285,247,4525,542,739,0,496,0,0,11
12851816,2131,5285,247,4525,542,739,0,496,0,0,11
12851816,2131,5285,247,4525,542,739,0,496,0,0,11
12851816,2131,5285,247,4525,542,739,0,496,0,0,11
76844022,36,117,323,184,12,4,0,5,0,0,0
4776087,266,1332,240,659,136,393,0,151,0,4,20
1909021,342,4254,132,3404,453,103,0,897,0,121,3
12851816,2131,5285,247,4525,542,739,0,496,0,0,11
12851816,2131,5285,247,4525,542,739,0,496,0,0,11
77289122,0,0,1,0,0,0,0,0,0,0,0
12851816,2131,5285,247,4525,542,739,0,496,0,0,11
76768559,8,337,125,45,35,2,0,43,0,0,0
11158176,41,165,28,90,16,52,0,19,0,0,35
11158176,41,165,28,90,16,52,0,19,0,0,35
87148,2183,12120,7036,115655,1235,211,0,351,386,32,1
6965817,1392,6762,1975,15427,686,339,0,383,759,84,201
6965817,1392,6762,1975,15427,686,339,0,383,759,84,201
6965817,1392,6762,1975,15427,686,339,0,383,759,84,201
6965817,1392,6762,1975,15427,686,339,0,383,759,84,201
6965817,1392,6762,1975,15427,686,339,0,383,759,84,201
87148,2183,12120,7036,115655,1235,211,0,351,386,32,1
9763114,25,396,10,24,39,1,0,17,0,0,0
76254793,27,787,23,63,79,1,0,64,11,0,1
3506989,26,1963,5,1627,198,181,0,0,0,0,0
76254793,27,787,23,63,79,1,0,64,11,0,1
87148,2183,12120,7036,115655,1235,211,0,351,386,32,1
201368,8299,5910,504,151963,598,1,0,0,0,0,70
201368,8299,5910,504,151963,598,1,0,0,0,0,70
3446011,1412,827,3320,18919,84,7,0,108,0,10,2
48349,7144,10000,85,357189,1030,948,0,282,0,437,4
3592043,99,807,357,4069,84,306,0,0,65,1,4
87148,2183,12120,7036,115655,1235,211,0,351,386,32,1
855834,2,29,7,398,3,3,0,3,0,0,0
4565332,5816,26955,281,245194,2784,1373,0,779,0,111,3
2696766,6820,14343,7463,118500,1520,3349,0,9,45,117,81
5637683,974,2209,873,18771,222,626,0,97,0,1,3
87148,2183,12120,7036,115655,1235,211,0,351,386,32,1
4183835,949,637,728,2087,65,3,0,60,0,1,0
4183835,949,637,728,2087,65,3,0,60,0,1,0
66620,3092,8067,131,92447,822,2495,0,752,0,0,23
87148,2183,12120,7036,115655,1235,211,0,351,386,32,1
87148,2183,12120,7036,115655,1235,211,0,351,386,32,1
10895632,140,3291,143,468,335,83,0,759,0,0,0
8602749,357,546,403,1507,58,124,0,130,0,2,11
11395264,8,19,2,28,2,0,0,15,0,0,0
5521022,113,698,253,196,71,45,0,51,1,0,1
3948961,6,130,11,335,15,2,0,0,0,0,1
89926,3857,11416,7428,883932,1152,436,0,228,35,25,1
68448,3,70,13,410,7,3,0,3,8,2,0
3160588,6,246,10,69,25,43,0,18,0,0,1
11158176,41,165,28,90,16,52,0,19,0,0,35
11158176,41,165,28,90,16,52,0,19,0,0,35
6965817,1392,6762,1975,15427,686,339,0,383,759,84,201
66620,3092,8067,131,92447,822,2495,0,752,0,0,23
11074490,5,0,3,6,0,4,0,0,0,0,0
3948961,6,130,11,335,15,2,0,0,0,0,1
5966023,29,520,53,805,52,3,0,10,9,0,14
9582244,88,0,279,231,0,27,0,1,0,0,0
87148,2183,12120,7036,115655,1235,211,0,351,386,32,1
824842,0,0,4,653,0,6,0,0,0,0,0
12270798,2,59,2,3,6,0,0,5,0,0,3
6965817,1392,6762,1975,15427,686,339,0,383,759,84,201
87148,2183,12120,7036,115655,1235,211,0,351,386,32,1
4077219,22,31,134,1240,4,92,0,0,0,0,5
8602749,357,546,403,1507,58,124,0,130,0,2,11
8602749,357,546,403,1507,58,124,0,130,0,2,11
8602749,357,546,403,1507,58,124,0,130,0,2,11
8602749,357,546,403,1507,58,124,0,130,0,2,11
4183835,949,637,728,2087,65,3,0,60,0,1,0
11395264,8,19,2,28,2,0,0,15,0,0,0
1282690,2,0,1,1441,0,5,0,0,0,0,0
66620,3092,8067,131,92447,822,2495,0,752,0,0,23
6965817,1392,6762,1975,15427,686,339,0,383,759,84,201
2495398,1880,3737,0,247812,404,3144,0,0,0,0,0
4651982,86,0,30,481,0,20,0,0,0,0,0
3160588,6,246,10,69,25,43,0,18,0,0,1
87148,2183,12120,7036,115655,1235,211,0,351,386,32,1
4162404,152,1154,196,474,116,478,0,173,0,0,9
6360045,286,3234,17,7086,329,197,0,30,0,28,6
11158176,41,165,28,90,16,52,0,19,0,0,35
6965817,1392,6762,1975,15427,686,339,0,383,759,84,201
6965817,1392,6762,1975,15427,686,339,0,383,759,84,201
66620,3092,8067,131,92447,822,2495,0,752,0,0,23
10895632,140,3291,143,468,335,83,0,759,0,0,0
76254793,27,787,23,63,79,1,0,64,11,0,1
6965817,1392,6762,1975,15427,686,339,0,383,759,84,201
6454421,22,363,100,1452,40,7,0,10,0,0,6
87148,2183,12120,7036,115655,1235,211,0,351,386,32,1
8602749,357,546,403,1507,58,124,0,130,0,2,11
10895632,140,3291,143,468,335,83,0,759,0,0,0
5637683,974,2209,873,18771,222,626,0,97,0,1,3
6965817,1392,6762,1975,15427,686,339,0,383,759,84,201
87148,2183,12120,7036,115655,1235,211,0,351,386,32,1
1386158,4,10,16,2152,1,5,0,0,0,0,0
87148,2183,12120,7036,115655,1235,211,0,351,386,32,1
11951839,49,225,44,148,23,4,0,47,3,0,0
87148,2183,12120,7036,115655,1235,211,0,351,386,32,1
6965817,1392,6762,1975,15427,686,339,0,383,759,84,201
3731884,152,339,1352,404,36,49,0,27,0,0,1
10895632,140,3291,143,468,335,83,0,759,0,0,0
87148,2183,12120,7036,115655,1235,211,0,351,386,32,1
10645124,19,382,44,79,38,1,0,24,0,0,0
6965817,1392,6762,1975,15427,686,339,0,383,759,84,201
87148,2183,12120,7036,115655,1235,211,0,351,386,32,1
4788722,181,1334,73,3554,135,138,0,59,0,11,1
87148,2183,12120,7036,115655,1235,211,0,351,386,32,1
66620,3092,8067,131,92447,822,2495,0,752,0,0,23
7343053,0,30,41,49,3,1,0,0,2,0,0
2250054,4341,12033,755,148251,1263,331,0,364,0,72,87
2133783,1,82,21,732,10,9,0,1,0,1,1
66620,3092,8067,131,92447,822,2495,0,752,0,0,23
6965817,1392,6762,1975,15427,686,339,0,383,759,84,201
87148,2183,12120,7036,115655,1235,211,0,351,386,32,1
77298698,0,0,1,1,0,0,0,0,0,0,0
4162404,152,1154,196,474,116,478,0,173,0,0,9
66620,3092,8067,131,92447,822,2495,0,752,0,0,23
87148,2183,12120,7036,115655,1235,211,0,351,386,32,1
12085970,0,10,9,5,1,1,0,1,0,0,1
11158176,41,165,28,90,16,52,0,19,0,0,35
11158176,41,165,28,90,16,52,0,19,0,0,35
11158176,41,165,28,90,16,52,0,19,0,0,35
11158176,41,165,28,90,16,52,0,19,0,0,35
6965817,1392,6762,1975,15427,686,339,0,383,759,84,201
6965817,1392,6762,1975,15427,686,339,0,383,759,84,201
6965817,1392,6762,1975,15427,686,339,0,383,759,84,201
6965817,1392,6762,1975,15427,686,339,0,383,759,84,201
6965817,1392,6762,1975,15427,686,339,0,383,759,84,201
76254793,27,787,23,63,79,1,0,64,11,0,1
76254793,27,787,23,63,79,1,0,64,11,0,1
6965817,1392,6762,1975,15427,686,339,0,383,759,84,201
6965817,1392,6762,1975,15427,686,339,0,383,759,84,201
6965817,1392,6762,1975,15427,686,339,0,383,759,84,201
76254793,27,787,23,63,79,1,0,64,11,0,1
12851816,2131,5285,247,4525,542,739,0,496,0,0,11
12851816,2131,5285,247,4525,542,739,0,496,0,0,11
12851816,2131,5285,247,4525,542,739,0,496,0,0,11
12851816,2131,5285,247,4525,542,739,0,496,0,0,11
3947717,7272,18135,906,40305,1930,408,0,83,8,0,14
3947717,7272,18135,906,40305,1930,408,0,83,8,0,14
3947717,7272,18135,906,40305,1930,408,0,83,8,0,14
3947717,7272,18135,906,40305,1930,408,0,83,8,0,14
3947717,7272,18135,906,40305,1930,408,0,83,8,0,14
3947717,7272,18135,906,40305,1930,408,0,83,8,0,14
3947717,7272,18135,906,40305,1930,408,0,83,8,0,14
75160956,11,275,166,39,28,0,0,44,1,0,1
74936551,0,0,2,0,0,0,0,0,0,0,0
7917201,362,7949,5,3230,797,1434,0,238,0,19,96
3877457,3974,12307,27,31015,1264,591,0,0,0,0,2
3947717,7272,18135,906,40305,1930,408,0,83,8,0,14
76924078,49,149,78,70,15,0,0,4,4,0,1
1539942,5,30,59,5258,3,4,0,0,0,0,2
74913294,14,205,38,25,21,4,0,61,0,0,0
1494515,7044,23571,1319,170878,2395,829,0,1361,0,44,1465
4975955,96,2897,161,5603,293,195,0,239,0,10,0
12851816,2131,5285,247,4525,542,739,0,496,0,0,11
76937652,1,0,2,0,0,2,0,0,0,0,0
9592612,170,416,430,197,42,30,0,34,0,0,11
12851816,2131,5285,247,4525,542,739,0,496,0,0,11
3947717,7272,18135,906,40305,1930,408,0,83,8,0,14
8643779,76,576,438,280,58,109,0,34,387,1,1
8643779,76,576,438,280,58,109,0,34,387,1,1
12851816,2131,5285,247,4525,542,739,0,496,0,0,11
3947717,7272,18135,906,40305,1930,408,0,83,8,0,14
1268630,44,207,172,38005,21,5,0,22,0,9,6
12851816,2131,5285,247,4525,542,739,0,496,0,0,11
9592612,170,416,430,197,42,30,0,34,0,0,11
11979754,6,0,24,5,0,0,0,0,0,0,0
10017088,2,79,25,7,8,11,0,3,0,0,0
266707,15,42,23,3999,6,6,0,0,25,0,0
12851816,2131,5285,247,4525,542,739,0,496,0,0,11
2727955,18,1165,46,560,119,23,0,7,0,0,0
315781,169,1572,709,1605,160,451,0,57,183,3,16
12851816,2131,5285,247,4525,542,739,0,496,0,0,11
3394365,359,910,92,13967,95,249,0,30,0,8,0
3947717,7272,18135,906,40305,1930,408,0,83,8,0,14
3947717,7272,18135,906,40305,1930,408,0,83,8,0,14
3947717,7272,18135,906,40305,1930,408,0,83,8,0,14
12851816,2131,5285,247,4525,542,739,0,496,0,0,11
12851816,2131,5285,247,4525,542,739,0,496,0,0,11
12851816,2131,5285,247,4525,542,739,0,496,0,0,11
12851816,2131,5285,247,4525,542,739,0,496,0,0,11
12851816,2131,5285,247,4525,542,739,0,496,0,0,11
12851816,2131,5285,247,4525,542,739,0,496,0,0,11
12851816,2131,5285,247,4525,542,739,0,496,0,0,11
12851816,2131,5285,247,4525,542,739,0,496,0,0,11
12851816,2131,5285,247,4525,542,739,0,496,0,0,11
4776087,266,1332,240,659,136,393,0,151,0,4,20
77013163,21,364,16,15,37,0,0,7,0,0,25
12851816,2131,5285,247,4525,542,739,0,496,0,0,11
9592612,170,416,430,197,42,30,0,34,0,0,11
12851816,2131,5285,247,4525,542,739,0,496,0,0,11
12851816,2131,5285,247,4525,542,739,0,496,0,0,11
12851816,2131,5285,247,4525,542,739,0,496,0,0,11
12851816,2131,5285,247,4525,542,739,0,496,0,0,11
12851816,2131,5285,247,4525,542,739,0,496,0,0,11
12851816,2131,5285,247,4525,542,739,0,496,0,0,11
76403850,3,0,3,10,0,2,0,0,0,0,0
3947717,7272,18135,906,40305,1930,408,0,83,8,0,14
3947717,7272,18135,906,40305,1930,408,0,83,8,0,14
3947717,7272,18135,906,40305,1930,408,0,83,8,0,14
3947717,7272,18135,906,40305,1930,408,0,83,8,0,14
4515982,491,886,161,2291,93,259,0,56,0,0,3
1030726,331,5182,265,16651,529,276,0,65,0,44,0
3947717,7272,18135,906,40305,1930,408,0,83,8,0,14
2790587,322,963,860,18280,98,224,0,70,0,5,2
76293407,8,82,49,16,9,0,0,18,0,0,1
3947717,7272,18135,906,40305,1930,408,0,83,8,0,14
3947717,7272,18135,906,40305,1930,408,0,83,8,0,14
12851816,2131,5285,247,4525,542,739,0,496,0,0,11
9025447,43,200,28,837,21,132,0,46,0,2,0
7192731,55,10,5,497,1,92,0,0,0,0,2
8787023,7,50,18,112,5,66,0,20,0,0,0
5077996,95,488,234,758,49,87,0,20,0,0,2
4779682,6575,8284,65,20975,911,6351,0,200,3,3,10
4779682,6575,8284,65,20975,911,6351,0,200,3,3,10
1102951,1177,3443,434,5437,350,599,0,303,138,8,56
107157,155,2517,148,3509,257,346,0,50,2,7,0
4779682,6575,8284,65,20975,911,6351,0,200,3,3,10
3338180,979,3369,1121,1389,342,46,0,40,109,3,0
10703915,208,1942,111,350,199,59,0,550,1,7,1
2277148,447,83,381,48353,8,217,0,7,0,0,3
2378282,523,8148,681,11506,816,15,0,113,181,18,0
2154705,759,2768,324,81749,283,640,0,0,0,0,0
10055910,5,60,3,30,6,325,0,0,0,0,3
948674,10504,19027,44,260464,1969,4069,0,172,0,1,17
2378282,523,8148,681,11506,816,15,0,113,181,18,0
3030448,246,40,1329,20681,4,431,0,0,0,0,1
8983218,118,310,155,353,31,24,0,2,0,0,32
69538,4213,3030,80,278593,317,1301,0,102,394,11,4
6011124,18,362,6,145,37,5,0,2,0,0,2
4779682,6575,8284,65,20975,911,6351,0,200,3,3,10
1102951,1177,3443,434,5437,350,599,0,303,138,8,56
2378282,523,8148,681,11506,816,15,0,113,181,18,0
2378282,523,8148,681,11506,816,15,0,113,181,18,0
8983218,118,310,155,353,31,24,0,2,0,0,32
2378282,523,8148,681,11506,816,15,0,113,181,18,0
10255755,2063,7539,784,3424,755,392,0,677,0,5,236
10255755,2063,7539,784,3424,755,392,0,677,0,5,236
10255755,2063,7539,784,3424,755,392,0,677,0,5,236
10255755,2063,7539,784,3424,755,392,0,677,0,5,236
9462379,0,0,3,5,0,0,0,0,0,0,0
10255755,2063,7539,784,3424,755,392,0,677,0,5,236
10255755,2063,7539,784,3424,755,392,0,677,0,5,236
1179655,948,3842,319,146751,403,368,0,19,0,0,0
10255755,2063,7539,784,3424,755,392,0,677,0,5,236
2744560,1,0,6,541,0,2,0,0,0,0,0
10255755,2063,7539,784,3424,755,392,0,677,0,5,236
12991209,4,0,84,23,0,0,0,4,6,0,0
10255755,2063,7539,784,3424,755,392,0,677,0,5,236
10255755,2063,7539,784,3424,755,392,0,677,0,5,236
8661286,5,68,5,126,7,25,0,23,0,8,0
10255755,2063,7539,784,3424,755,392,0,677,0,5,236
10255755,2063,7539,784,3424,755,392,0,677,0,5,236
9486749,266,498,202,2406,51,44,0,44,0,0,8
3745504,79,1804,6,2638,181,1771,0,0,0,0,1
10255755,2063,7539,784,3424,755,392,0,677,0,5,236
10255755,2063,7539,784,3424,755,392,0,677,0,5,236
3992494,6,102,108,90,12,3,0,1,0,0,5
10255755,2063,7539,784,3424,755,392,0,677,0,5,236
592959,22992,119812,1595,3494877,12390,2318,0,3143,0,467,9
548278,73,30,25,648,4,45,0,0,3,0,1
1286544,52,790,13,413,79,100,0,6,0,0,58
1297333,2346,7052,66,296491,716,349,0,8,1,1,3
1297333,2346,7052,66,296491,716,349,0,8,1,1,3
5077996,95,488,234,758,49,87,0,20,0,0,2
3987908,75,1272,11,3770,128,36,0,0,0,1,5
2604332,851,4223,296,32165,435,626,0,94,22,4,4
10255755,2063,7539,784,3424,755,392,0,677,0,5,236
2604332,851,4223,296,32165,435,626,0,94,22,4,4
2604332,851,4223,296,32165,435,626,0,94,22,4,4
9764569,191,1623,296,527,165,378,0,61,90,0,1
10255755,2063,7539,784,3424,755,392,0,677,0,5,236
1297333,2346,7052,66,296491,716,349,0,8,1,1,3
2378282,523,8148,681,11506,816,15,0,113,181,18,0
76425774,0,0,1,4,0,0,0,0,0,0,0
2378282,523,8148,681,11506,816,15,0,113,181,18,0
10255755,2063,7539,784,3424,755,392,0,677,0,5,236
1297333,2346,7052,66,296491,716,349,0,8,1,1,3
3611753,271,523,869,756,53,79,0,20,0,0,2
10255755,2063,7539,784,3424,755,392,0,677,0,5,236
2796536,428,1811,195,16436,185,622,0,1,0,0,6
2378282,523,8148,681,11506,816,15,0,113,181,18,0
75666168,149,380,791,458,38,3,0,29,0,0,0
6285413,101,1642,1,1782,168,743,0,0,0,0,3
10255755,2063,7539,784,3424,755,392,0,677,0,5,236
2034620,11,294,35,200,31,28,0,52,81,0,0
10255755,2063,7539,784,3424,755,392,0,677,0,5,236
12891094,6,50,67,20,5,1,0,0,0,0,4
11031323,9,30,46,32,3,0,0,1,0,0,0
10255755,2063,7539,784,3424,755,392,0,677,0,5,236
11031323,9,30,46,32,3,0,0,1,0,0,0
12563307,1,30,19,4,3,1,0,3,0,0,1
10255755,2063,7539,784,3424,755,392,0,677,0,5,236
1641602,62,715,250,36834,84,1,0,0,147,0,0
8065364,1,39,20,22,4,0,0,5,0,0,0
10255755,2063,7539,784,3424,755,392,0,677,0,5,236
12364382,1,10,18,7,1,0,0,1,0,0,1
2378282,523,8148,681,11506,816,15,0,113,181,18,0
11031323,9,30,46,32,3,0,0,1,0,0,0
10255755,2063,7539,784,3424,755,392,0,677,0,5,236
10255755,2063,7539,784,3424,755,392,0,677,0,5,236
2378665,1081,1017,150,24628,107,286,0,50,0,0,0
3926631,234,460,162,1256,46,38,0,12,0,0,30
10255755,2063,7539,784,3424,755,392,0,677,0,5,236
12708319,57,233,283,152,24,1,0,9,40,0,0
10255755,2063,7539,784,3424,755,392,0,677,0,5,236
2378282,523,8148,681,11506,816,15,0,113,181,18,0
5077996,95,488,234,758,49,87,0,20,0,0,2
948674,10504,19027,44,260464,1969,4069,0,172,0,1,17
12910561,1,0,8,5,0,0,0,0,0,0,0
4507787,146,30,124,3658,3,182,0,2,0,0,1
10255755,2063,7539,784,3424,755,392,0,677,0,5,236
5077996,95,488,234,758,49,87,0,20,0,0,2
10255755,2063,7539,784,3424,755,392,0,677,0,5,236
2378665,1081,1017,150,24628,107,286,0,50,0,0,0
5077996,95,488,234,758,49,87,0,20,0,0,2
10255755,2063,7539,784,3424,755,392,0,677,0,5,236
10255755,2063,7539,784,3424,755,392,0,677,0,5,236
10255755,2063,7539,784,3424,755,392,0,677,0,5,236
10255755,2063,7539,784,3424,755,392,0,677,0,5,236
76907929,38,30,49,108,3,0,0,11,0,0,0
10255755,2063,7539,784,3424,755,392,0,677,0,5,236
5077996,95,488,234,758,49,87,0,20,0,0,2
10255755,2063,7539,784,3424,755,392,0,677,0,5,236
10255755,2063,7539,784,3424,755,392,0,677,0,5,236
8165392,0,10,7,2,1,0,0,2,1,0,0
10255755,2063,7539,784,3424,755,392,0,677,0,5,236
75666168,149,380,791,458,38,3,0,29,0,0,0
12306711,47,319,1134,221,33,1,0,38,0,0,9
1297333,2346,7052,66,296491,716,349,0,8,1,1,3
948674,10504,19027,44,260464,1969,4069,0,172,0,1,17
77274106,0,0,8,0,0,0,0,0,0,0,0
5077996,95,488,234,758,49,87,0,20,0,0,2
10255755,2063,7539,784,3424,755,392,0,677,0,5,236
10255755,2063,7539,784,3424,755,392,0,677,0,5,236
12991209,4,0,84,23,0,0,0,4,6,0,0
10255755,2063,7539,784,3424,755,392,0,677,0,5,236
10255755,2063,7539,784,3424,755,392,0,677,0,5,236
10255755,2063,7539,784,3424,755,392,0,677,0,5,236
77274106,0,0,8,0,0,0,0,0,0,0,0
12891094,6,50,67,20,5,1,0,0,0,0,4
3611753,271,523,869,756,53,79,0,20,0,0,2
4751491,3451,3586,5,34211,374,1347,0,0,1,0,3
7252980,3,0,1,42,0,80,0,0,0,0,0
10255755,2063,7539,784,3424,755,392,0,677,0,5,236
75666168,149,380,791,458,38,3,0,29,0,0,0
4751491,3451,3586,5,34211,374,1347,0,0,1,0,3
2034620,11,294,35,200,31,28,0,52,81,0,0
10255755,2063,7539,784,3424,755,392,0,677,0,5,236
3992494,6,102,108,90,12,3,0,1,0,0,5
10703915,208,1942,111,350,199,59,0,550,1,7,1
74656488,31,288,32,45,29,4,0,13,0,0,0
2617066,6725,14538,547,419737,1512,1007,0,24,0,11,51
74601682,0,90,53,8,9,0,0,10,5,0,0
1287250,314,2905,28,1057,300,743,0,140,2,16,1
2378282,523,8148,681,11506,816,15,0,113,181,18,0
12840567,11,15,32,16,2,5,0,10,0,0,0
1297333,2346,7052,66,296491,716,349,0,8,1,1,3
2926862,6,238,28,474,24,120,0,37,30,0,1
3581777,275,1360,376,11644,140,212,0,45,44,11,51
2378282,523,8148,681,11506,816,15,0,113,181,18,0
2701783,53,472,501,2649,49,8,0,104,1,0,0
541227,731,2646,142,28329,309,75,0,2,7,1,9
69538,4213,3030,80,278593,317,1301,0,102,394,11,4
2498643,3580,8444,2,224698,868,2378,0,0,0,0,2
96166,14924,34485,335,4309758,3680,1317,0,556,0,96,85
2498643,3580,8444,2,224698,868,2378,0,0,0,0,2
75620615,6,100,33,27,10,0,0,6,0,0,0
10255755,2063,7539,784,3424,755,392,0,677,0,5,236
10255755,2063,7539,784,3424,755,392,0,677,0,5,236
107157,155,2517,148,3509,257,346,0,50,2,7,0
948674,10504,19027,44,260464,1969,4069,0,172,0,1,17
948674,10504,19027,44,260464,1969,4069,0,172,0,1,17
10255755,2063,7539,784,3424,755,392,0,677,0,5,236
8266205,262,1102,19,778,110,111,0,226,0,4,1
10255755,2063,7539,784,3424,755,392,0,677,0,5,236
10255755,2063,7539,784,3424,755,392,0,677,0,5,236
10255755,2063,7539,784,3424,755,392,0,677,0,5,236
10255755,2063,7539,784,3424,755,392,0,677,0,5,236
10255755,2063,7539,784,3424,755,392,0,677,0,5,236
10255755,2063,7539,784,3424,755,392,0,677,0,5,236
10255755,2063,7539,784,3424,755,392,0,677,0,5,236
10255755,2063,7539,784,3424,755,392,0,677,0,5,236
10255755,2063,7539,784,3424,755,392,0,677,0,5,236
10255755,2063,7539,784,3424,755,392,0,677,0,5,236
10255755,2063,7539,784,3424,755,392,0,677,0,5,236
10255755,2063,7539,784,3424,755,392,0,677,0,5,236
10255755,2063,7539,784,3424,755,392,0,677,0,5,236
10255755,2063,7539,784,3424,755,392,0,677,0,5,236
10255755,2063,7539,784,3424,755,392,0,677,0,5,236
10255755,2063,7539,784,3424,755,392,0,677,0,5,236
10255755,2063,7539,784,3424,755,392,0,677,0,5,236
10255755,2063,7539,784,3424,755,392,0,677,0,5,236
75333808,10,284,5,25,28,6,0,18,0,0,2
4751491,3451,3586,5,34211,374,1347,0,0,1,0,3
10255755,2063,7539,784,3424,755,392,0,677,0,5,236
10255755,2063,7539,784,3424,755,392,0,677,0,5,236
10255755,2063,7539,784,3424,755,392,0,677,0,5,236
1297333,2346,7052,66,296491,716,349,0,8,1,1,3
3070670,618,150,1,24558,15,12,0,0,0,0,1
2617066,6725,14538,547,419737,1512,1007,0,24,0,11,51
1297333,2346,7052,66,296491,716,349,0,8,1,1,3
1297333,2346,7052,66,296491,716,349,0,8,1,1,3
1297333,2346,7052,66,296491,716,349,0,8,1,1,3
7192731,55,10,5,497,1,92,0,0,0,0,2
74912330,166,557,124,250,56,0,0,27,0,0,6
4507787,146,30,124,3658,3,182,0,2,0,0,1
1179655,948,3842,319,146751,403,368,0,19,0,0,0
10255755,2063,7539,784,3424,755,392,0,677,0,5,236
12189505,16,280,4,37,28,1,0,48,0,0,0
2498643,3580,8444,2,224698,868,2378,0,0,0,0,2
11485135,70,978,53,216,102,15,0,247,0,0,0
6874411,49,349,165,1111,35,77,0,7,7,0,1
77306652,3,0,3,0,0,0,0,0,0,0,0
2498643,3580,8444,2,224698,868,2378,0,0,0,0,2
948674,10504,19027,44,260464,1969,4069,0,172,0,1,17
948674,10504,19027,44,260464,1969,4069,0,172,0,1,17
948674,10504,19027,44,260464,1969,4069,0,172,0,1,17
9240746,384,1225,13,1302,127,25,0,286,16,5,18
10255755,2063,7539,784,3424,755,392,0,677,0,5,236
10255755,2063,7539,784,3424,755,392,0,677,0,5,236
10255755,2063,7539,784,3424,755,392,0,677,0,5,236
10255755,2063,7539,784,3424,755,392,0,677,0,5,236
10255755,2063,7539,784,3424,755,392,0,677,0,5,236
10255755,2063,7539,784,3424,755,392,0,677,0,5,236
10255755,2063,7539,784,3424,755,392,0,677,0,5,236
2498643,3580,8444,2,224698,868,2378,0,0,0,0,2
9486749,266,498,202,2406,51,44,0,44,0,0,8
2378282,523,8148,681,11506,816,15,0,113,181,18,0
11247025,543,14580,194,2577,1520,102,0,56,0,0,34
12073905,1,10,7,2,1,0,0,7,0,0,0
2378282,523,8148,681,11506,816,15,0,113,181,18,0
328309,337,1115,1290,16544,119,1,0,49,249,0,2
12073905,1,10,7,2,1,0,0,7,0,0,0
1279344,42,590,356,117,61,15,0,79,1,0,0
3611753,271,523,869,756,53,79,0,20,0,0,2
11517181,100,1004,131,168,105,16,0,272,0,0,0
75742035,177,323,553,185,33,1,0,20,0,0,0
10255755,2063,7539,784,3424,755,392,0,677,0,5,236
506457,8,108,25,968,11,1,0,6,4,2,0
2378282,523,8148,681,11506,816,15,0,113,181,18,0
8806964,2,30,24,28,3,0,0,6,4,0,0
1279344,42,590,356,117,61,15,0,79,1,0,0
77306652,3,0,3,0,0,0,0,0,0,0,0
10242871,1,10,33,7,1,0,0,1,0,0,0
77245403,0,0,3,1,0,0,0,0,0,0,0
948674,10504,19027,44,260464,1969,4069,0,172,0,1,17
948674,10504,19027,44,260464,1969,4069,0,172,0,1,17
948674,10504,19027,44,260464,1969,4069,0,172,0,1,17
948674,10504,19027,44,260464,1969,4069,0,172,0,1,17
948674,10504,19027,44,260464,1969,4069,0,172,0,1,17
948674,10504,19027,44,260464,1969,4069,0,172,0,1,17
948674,10504,19027,44,260464,1969,4069,0,172,0,1,17
948674,10504,19027,44,260464,1969,4069,0,172,0,1,17
10255755,2063,7539,784,3424,755,392,0,677,0,5,236
10255755,2063,7539,784,3424,755,392,0,677,0,5,236
10255755,2063,7539,784,3424,755,392,0,677,0,5,236
10255755,2063,7539,784,3424,755,392,0,677,0,5,236
10255755,2063,7539,784,3424,755,392,0,677,0,5,236
10255755,2063,7539,784,3424,755,392,0,677,0,5,236
10255755,2063,7539,784,3424,755,392,0,677,0,5,236
10255755,2063,7539,784,3424,755,392,0,677,0,5,236
10255755,2063,7539,784,3424,755,392,0,677,0,5,236
10255755,2063,7539,784,3424,755,392,0,677,0,5,236
10255755,2063,7539,784,3424,755,392,0,677,0,5,236
10255755,2063,7539,784,3424,755,392,0,677,0,5,236
10255755,2063,7539,784,3424,755,392,0,677,0,5,236
8929209,5170,42991,106,5029,4320,121,0,218,0,0,0
2605432,231,1811,24,4902,183,2,0,19,8,0,5
2604332,851,4223,296,32165,435,626,0,94,22,4,4
1933344,261,824,85,13086,84,374,0,56,0,16,0
11031323,9,30,46,32,3,0,0,1,0,0,0
2378282,523,8148,681,11506,816,15,0,113,181,18,0
75231266,28,38,193,69,5,0,0,11,1,0,2
2604332,851,4223,296,32165,435,626,0,94,22,4,4
8266205,262,1102,19,778,110,111,0,226,0,4,1
11517181,100,1004,131,168,105,16,0,272,0,0,0
10255755,2063,7539,784,3424,755,392,0,677,0,5,236
2701783,53,472,501,2649,49,8,0,104,1,0,0
5332936,2,51,12,289,5,1,0,1,0,0,0
8173665,4,10,16,26,1,5,0,2,0,0,0
11517181,100,1004,131,168,105,16,0,272,0,0,0
10255755,2063,7539,784,3424,755,392,0,677,0,5,236
10703915,208,1942,111,350,199,59,0,550,1,7,1
948674,10504,19027,44,260464,1969,4069,0,172,0,1,17
948674,10504,19027,44,260464,1969,4069,0,172,0,1,17
948674,10504,19027,44,260464,1969,4069,0,172,0,1,17
948674,10504,19027,44,260464,1969,4069,0,172,0,1,17
948674,10504,19027,44,260464,1969,4069,0,172,0,1,17
948674,10504,19027,44,260464,1969,4069,0,172,0,1,17
2294187,462,3720,833,1228,376,0,0,186,1,6,60
592959,22992,119812,1595,3494877,12390,2318,0,3143,0,467,9
10255755,2063,7539,784,3424,755,392,0,677,0,5,236
74805836,1,0,10,7,0,0,0,0,0,0,0
10255755,2063,7539,784,3424,755,392,0,677,0,5,236
10255755,2063,7539,784,3424,755,392,0,677,0,5,236
10255755,2063,7539,784,3424,755,392,0,677,0,5,236
10255755,2063,7539,784,3424,755,392,0,677,0,5,236
10255755,2063,7539,784,3424,755,392,0,677,0,5,236
10255755,2063,7539,784,3424,755,392,0,677,0,5,236
10255755,2063,7539,784,3424,755,392,0,677,0,5,236
10255755,2063,7539,784,3424,755,392,0,677,0,5,236
10255755,2063,7539,784,3424,755,392,0,677,0,5,236
10255755,2063,7539,784,3424,755,392,0,677,0,5,236
2604332,851,4223,296,32165,435,626,0,94,22,4,4
